PRECINCTID20,GOV22L,GOV22R,GOV22D,LTGOV22L,LTGOV22R,LTGOV22D,SEN22L,SEN22R,SEN22D,CONG22R,CONG22D
010001,7,119,107,15,170,49,3,166,57,169,45
010002,3,151,84,13,184,43,5,179,57,184,43
010003,1,65,36,6,70,28,0,76,26,75,23
010004,2,104,92,7,137,58,4,126,71,137,56
010005,2,112,55,8,127,32,1,122,45,127,36
010006,5,277,215,29,338,131,6,307,176,341,142
010007,3,239,177,14,286,130,5,279,141,290,119
010008,10,183,126,16,235,67,4,228,81,236,64
010010,3,84,31,6,98,17,1,96,22,96,21
010011,5,93,53,6,116,29,2,117,31,112,26
010012,2,233,94,8,259,66,3,267,61,263,59
010013,6,154,111,11,183,76,6,175,85,183,73
010014,4,183,194,19,239,124,10,227,147,239,122
010016,6,228,80,12,247,59,4,251,62,252,59
010017,12,315,140,21,373,75,13,358,89,363,83
010018,2,275,150,12,328,102,4,312,119,320,102
010019,7,320,151,20,377,93,9,366,106,369,92
020110,3,111,25,4,128,8,3,129,8,0,0
020120,2,102,21,2,110,11,1,114,8,0,0
020140,5,203,86,6,263,32,6,253,34,0,0
020220,8,255,100,18,300,47,9,310,46,0,0
020230,3,157,30,14,162,19,3,168,20,0,0
020310,6,190,62,12,221,24,5,223,27,0,0
020320,3,118,30,5,135,11,1,131,14,0,0
020330,3,151,31,5,171,14,5,162,16,0,0
030001,8,286,148,18,326,106,6,333,104,340,101
030002,0,31,17,1,39,9,0,40,9,41,7
030003,0,139,65,9,145,54,2,152,51,151,53
030006,1,145,62,6,164,43,2,163,44,166,44
030007,14,405,146,18,462,90,6,470,81,474,77
030008,12,419,151,20,487,87,9,495,80,472,97
030009,4,254,82,7,302,33,2,299,40,299,38
030010,1,116,23,3,124,17,1,130,12,126,12
030011,4,289,114,17,315,74,3,328,74,330,68
030012,4,217,53,13,235,24,4,242,26,238,28
030013,4,234,56,9,247,42,6,251,39,244,47
030014,1,61,29,4,75,12,2,82,7,78,8
030015,4,194,65,13,206,44,0,219,38,213,47
040011,1,127,27,0,149,9,1,143,9,0,0
040013,1,93,10,3,94,4,0,91,4,0,0
040023,13,478,100,28,521,61,13,518,59,0,0
040025,1,183,26,5,195,17,6,180,19,0,0
040026,0,26,8,2,29,4,1,30,4,0,0
040031,2,181,22,2,195,9,4,191,9,0,0
040033,11,294,56,21,322,23,17,314,31,0,0
050111,12,384,157,24,434,97,14,429,100,0,0
050112,1,289,78,18,304,49,4,311,49,0,0
050141,4,348,84,14,364,59,4,371,62,0,0
050231,4,536,145,16,574,96,4,575,99,0,0
050232,0,119,13,2,122,9,0,120,11,0,0
050235,11,609,181,26,654,126,14,657,128,0,0
050242,2,215,45,8,226,28,4,223,32,0,0
050320,1,269,80,12,299,43,7,299,45,0,0
050330,5,326,75,13,360,38,8,353,46,0,0
050332,11,521,180,19,601,103,6,596,110,0,0
050333,6,383,171,21,441,108,10,442,107,0,0
050343,3,116,31,5,128,20,1,132,18,0,0
060002,10,360,130,16,432,57,11,423,56,0,0
060007,5,345,125,18,395,67,10,387,73,0,0
060010,3,137,98,9,170,66,3,172,66,0,0
060011,4,97,105,12,113,87,4,124,80,0,0
060012,15,501,207,45,566,120,16,578,124,0,0
060016,2,92,31,4,104,20,0,113,16,0,0
060017,8,226,139,19,252,105,7,252,102,0,0
060020,0,187,44,10,204,17,3,210,16,0,0
060022,1,40,7,2,44,2,0,44,5,0,0
070003,8,250,229,21,303,171,9,311,165,311,163
070004,18,416,328,40,522,218,20,538,212,530,227
070005,16,318,265,28,392,179,13,401,177,398,170
070008,12,356,269,25,424,189,7,442,187,435,190
070010,8,147,65,11,169,44,5,167,47,165,46
070011,4,111,30,5,120,20,4,122,19,122,18
070012,2,76,36,6,92,20,1,95,21,94,21
070013,6,282,120,8,355,53,10,353,44,354,50
070014,8,197,88,13,242,43,1,251,39,238,44
070015,9,333,151,16,397,85,5,397,81,383,92
070016,5,174,93,17,212,47,7,215,49,199,61
070017,9,212,117,20,270,54,7,278,55,261,65
070018,13,414,216,21,504,132,9,507,131,502,135
070019,11,281,163,19,365,80,4,369,85,366,85
070020,3,325,125,13,371,78,1,376,78,369,77
070021,10,416,206,16,535,94,7,534,99,512,109
070022,3,181,86,6,204,62,4,199,60,202,65
070023,1,211,60,5,230,40,6,222,39,223,44
070024,3,310,120,10,344,88,5,345,84,346,90
070025,7,510,236,26,579,159,9,584,154,575,161
070026,4,145,63,8,175,29,1,181,23,176,33
070027,9,390,261,22,484,161,6,489,158,494,155
070028,6,346,157,8,408,93,6,419,80,406,88
070029,4,73,52,2,97,30,0,101,23,98,31
070033,14,670,405,30,846,222,22,847,220,821,241
080012,8,110,291,24,142,248,7,152,245,0,0
080022,11,311,426,37,389,334,10,410,325,0,0
080041,8,325,291,29,385,222,11,402,208,0,0
080102,4,397,262,15,466,184,6,476,179,0,0
080509,8,204,64,11,234,34,9,236,32,0,0
080510,8,362,146,21,416,80,5,432,76,0,0
080511,16,362,264,33,432,188,11,447,175,0,0
080712,19,356,270,39,446,171,15,469,161,0,0
080810,0,166,64,7,181,45,3,179,45,0,0
080811,6,164,96,12,199,55,5,205,58,0,0
081009,3,164,50,18,167,35,6,173,35,0,0
081010,7,353,172,18,422,100,8,435,95,0,0
081111,9,556,171,25,637,86,8,635,95,0,0
081213,6,336,101,10,372,61,10,371,63,0,0
090100,9,299,96,16,331,65,13,329,61,0,0
090102,4,167,74,7,198,42,3,196,47,0,0
090106,15,328,235,25,401,156,11,403,154,0,0
090107,6,210,100,10,243,66,6,238,68,0,0
090110,19,561,350,55,623,255,22,636,266,0,0
090114,6,217,76,21,239,48,10,242,53,0,0
090116,5,57,111,10,66,99,1,71,91,0,0
090118,10,329,267,30,379,202,13,380,201,0,0
090119,2,53,55,7,70,33,1,77,30,0,0
090124,24,613,427,48,726,293,21,741,296,0,0
090129,4,25,7,1,32,4,2,30,5,0,0
090200,27,1129,991,101,1340,722,40,1342,759,0,0
090201,0,404,213,17,490,114,8,494,114,0,0
090202,5,533,320,39,609,218,8,613,233,0,0
090203,19,637,694,76,770,512,23,781,536,0,0
090204,16,573,424,48,670,307,18,671,314,0,0
090205,8,503,402,50,588,279,14,605,290,0,0
090206,18,707,447,55,840,288,20,823,317,0,0
090207,10,483,320,39,537,234,12,547,240,0,0
090208,14,538,461,60,632,333,20,629,345,0,0
090210,6,421,255,33,494,157,10,502,168,0,0
090211,5,440,218,21,513,134,9,503,145,0,0
090212,6,323,265,32,375,188,11,376,200,0,0
090213,12,278,190,27,305,148,12,321,145,0,0
090214,15,510,378,59,606,247,16,615,269,0,0
090215,34,713,528,80,810,400,32,824,404,0,0
090216,15,995,703,82,1197,443,32,1186,484,0,0
090217,15,355,348,37,409,281,16,405,287,0,0
090218,22,666,453,64,778,318,33,759,342,0,0
090219,4,55,25,2,63,16,3,63,16,0,0
090220,23,670,436,48,803,273,25,793,287,0,0
090221,17,443,378,58,513,279,20,518,288,0,0
090222,10,470,342,46,529,249,19,535,254,0,0
090223,20,800,666,78,962,461,26,966,479,0,0
090224,22,664,514,64,788,358,21,800,357,0,0
090225,6,452,390,36,521,294,19,517,303,0,0
090227,20,711,546,59,860,362,19,859,380,0,0
090228,18,304,284,37,360,212,15,358,224,0,0
090229,3,193,100,19,212,63,7,215,69,0,0
090239,0,71,26,5,75,17,1,82,13,0,0
090299,0,0,2,0,0,2,0,0,2,0,0
090300,23,887,418,68,996,281,34,997,294,0,0
090301,32,1120,631,90,1292,420,33,1287,439,0,0
090302,8,361,271,39,414,197,14,421,201,0,0
090303,9,552,357,46,621,256,10,631,266,0,0
090304,13,383,270,44,433,208,19,431,219,0,0
090305,19,884,480,48,1036,308,29,1005,337,0,0
090306,11,585,323,37,667,217,19,667,220,0,0
090308,18,776,263,51,858,159,27,868,164,0,0
090310,7,373,132,26,407,80,19,411,77,0,0
090312,26,856,703,74,1017,505,35,996,546,0,0
090400,13,514,154,41,563,91,19,570,92,0,0
090403,2,219,64,13,233,42,6,225,46,0,0
090404,0,111,46,5,125,28,3,123,29,0,0
090406,2,111,45,6,126,28,5,124,28,0,0
090408,2,223,97,13,258,58,6,260,53,0,0
090502,11,296,67,23,326,29,9,331,31,0,0
090504,16,1032,441,71,1157,272,34,1157,288,0,0
090506,26,1111,668,88,1282,454,40,1277,481,0,0
090507,25,1180,759,116,1359,490,49,1381,520,0,0
100001,8,206,202,23,249,153,10,245,157,0,0
100002,9,328,235,29,370,180,9,379,183,0,0
100007,4,51,330,9,55,324,7,54,313,0,0
100011,8,188,175,19,218,140,7,216,145,0,0
100014,11,296,228,21,355,166,9,349,171,0,0
100015,6,354,173,19,384,136,6,389,131,0,0
100017,12,417,245,31,494,156,13,495,162,0,0
100019,17,853,447,38,1002,293,22,1014,282,0,0
100020,11,340,232,19,390,178,9,393,177,0,0
100024,13,548,287,25,631,199,13,629,203,0,0
100025,2,159,59,4,179,38,3,181,33,0,0
100026,3,93,55,2,106,43,2,101,44,0,0
100030,2,185,46,5,207,28,4,206,26,0,0
100031,23,768,307,45,883,180,17,901,176,0,0
100032,0,0,0,0,0,0,0,0,0,0,0
100033,9,283,109,22,323,70,11,325,71,0,0
100034,14,391,160,36,424,115,15,440,110,0,0
100035,5,140,60,14,145,51,5,149,53,0,0
100039,4,218,49,10,232,30,4,237,28,0,0
100040,2,127,26,7,133,15,1,135,17,0,0
100041,9,374,92,14,416,69,3,413,73,0,0
100042,0,10,1,0,10,1,0,10,1,0,0
100051,3,154,73,6,167,59,4,162,57,0,0
100052,6,282,40,13,307,22,10,302,23,0,0
100061,5,330,125,14,380,68,7,370,72,0,0
100062,14,416,188,22,485,116,11,486,121,0,0
100063,21,694,275,38,793,175,21,789,179,0,0
100071,8,416,113,14,465,72,9,459,68,0,0
110001,7,227,474,48,284,384,12,294,382,287,385
110002,19,560,791,57,731,602,18,751,601,744,579
110003,12,377,453,50,446,353,17,456,361,443,365
110004,10,331,531,48,400,429,15,407,436,388,440
110005,11,130,247,25,170,192,9,180,194,172,199
110006,6,183,173,13,226,131,5,221,131,227,125
110007,6,136,197,17,174,155,6,188,149,174,145
110008,7,252,244,22,301,187,9,308,189,298,183
110009,14,408,247,38,476,172,15,485,178,467,178
110010,12,608,489,49,705,361,12,710,367,698,362
110011,8,200,137,18,239,91,9,249,85,247,90
110012,13,463,363,39,553,262,16,561,258,557,258
110013,0,70,92,11,81,75,3,86,75,81,76
110014,5,255,179,17,283,142,6,296,137,273,149
110015,18,645,372,41,744,254,22,741,267,731,250
110016,4,166,106,9,187,82,2,187,82,182,81
110017,6,331,245,25,382,183,8,392,182,374,173
110018,4,139,71,5,156,54,4,149,56,152,56
110019,2,128,100,8,147,76,3,144,78,143,72
110020,8,327,436,35,413,327,16,427,324,416,319
110021,6,191,118,13,228,78,5,236,71,231,74
110022,6,133,66,11,151,46,4,153,49,154,48
110023,5,127,84,9,146,63,4,153,59,149,58
110025,7,229,234,24,283,167,9,283,173,268,177
110027,0,10,18,1,17,10,1,16,10,19,9
110028,0,2,2,0,2,2,0,2,2,2,2
110029,1,31,11,1,30,10,0,30,8,30,10
110030,0,0,0,0,0,0,0,0,0,0,0
110031,0,1,1,0,1,1,0,1,1,1,1
120101,15,394,143,16,440,100,4,465,82,450,90
120104,9,408,135,12,469,74,9,465,68,467,75
120105,9,127,137,9,156,116,5,151,114,154,115
120208,7,219,74,14,250,43,9,248,48,246,49
120210,14,454,171,15,538,101,10,553,87,549,93
120215,5,169,124,8,198,94,1,202,92,202,94
120316,9,213,105,12,244,78,6,249,76,244,83
120318,2,198,48,3,221,27,3,221,29,219,27
120319,4,192,41,6,213,24,1,215,22,211,20
120321,4,312,84,7,359,38,3,347,40,360,41
120322,3,112,22,8,125,9,5,122,8,122,10
130002,3,102,18,6,114,10,2,113,13,0,0
130003,3,110,3,2,111,2,5,107,2,0,0
130004,3,123,15,7,125,10,3,131,7,0,0
130005,3,88,15,5,94,7,7,86,9,0,0
130006,0,174,9,6,178,5,3,173,5,0,0
130007,0,43,2,1,42,2,2,41,2,0,0
140100,14,718,437,56,838,262,24,854,282,0,0
140101,9,375,358,32,461,250,12,455,275,0,0
140102,23,773,646,69,920,457,24,944,464,0,0
140103,10,300,322,44,355,231,20,363,243,0,0
140104,15,756,757,80,894,566,30,907,588,0,0
140105,22,433,534,52,534,414,25,530,428,0,0
140106,10,616,509,45,728,355,13,727,376,0,0
140107,15,479,347,48,551,243,20,561,256,0,0
140108,14,770,585,66,924,384,26,911,424,0,0
140109,13,632,444,53,708,331,11,743,331,0,0
140110,10,692,481,33,795,354,21,801,359,0,0
140111,14,548,556,54,634,433,18,657,442,0,0
140112,10,671,680,49,769,549,14,760,562,0,0
140113,12,884,685,44,1044,489,23,1050,492,0,0
140114,11,821,592,60,955,413,15,950,450,0,0
140115,22,587,588,63,701,453,29,701,473,0,0
140116,2,114,86,13,127,65,5,125,71,0,0
140117,7,366,310,23,412,250,7,427,239,0,0
140118,10,489,370,33,568,278,22,568,270,0,0
140119,22,402,429,45,454,355,24,461,361,0,0
140120,17,613,407,36,706,304,21,711,295,0,0
140121,4,89,81,13,101,62,4,104,65,0,0
140122,3,251,106,15,275,75,9,273,73,0,0
140123,17,762,308,44,840,213,22,856,206,0,0
140124,20,600,272,42,667,198,19,674,194,0,0
140125,5,307,137,30,328,103,21,326,104,0,0
140200,12,570,473,42,664,357,11,677,364,0,0
140201,6,145,96,15,168,69,8,171,66,0,0
140202,19,351,298,55,401,236,20,406,239,0,0
140203,4,176,132,15,216,92,7,209,96,0,0
140204,18,515,438,59,592,332,18,603,342,0,0
140205,31,506,528,62,624,385,32,625,394,0,0
140206,8,405,353,48,458,268,21,460,276,0,0
140207,21,641,534,83,735,392,36,738,410,0,0
140208,16,418,353,59,476,261,19,494,263,0,0
140209,11,253,216,34,302,156,9,307,163,0,0
140210,9,143,138,22,161,119,7,162,126,0,0
140211,32,462,395,69,549,292,44,536,299,0,0
140212,17,438,393,65,485,310,29,494,317,0,0
140213,13,533,534,51,665,366,19,668,382,0,0
140214,16,586,616,83,681,466,39,692,471,0,0
140215,28,569,564,69,648,455,21,680,449,0,0
140216,21,429,445,49,510,347,19,516,362,0,0
140217,20,684,589,85,772,455,44,767,473,0,0
140218,22,800,619,63,951,431,29,963,437,0,0
140300,4,557,825,45,739,601,9,732,637,0,0
140301,16,638,727,51,825,506,17,816,547,0,0
140302,4,83,111,11,116,73,5,109,83,0,0
140303,15,559,858,54,718,661,14,723,692,0,0
140304,16,824,1068,81,1037,791,28,1022,842,0,0
140305,13,304,518,44,387,409,18,378,434,0,0
140306,10,234,370,30,288,302,8,273,327,0,0
140307,15,612,1031,67,756,836,26,746,872,0,0
140308,5,288,495,39,332,414,13,330,435,0,0
140309,8,333,480,19,426,373,17,405,391,0,0
140310,5,243,837,38,353,690,14,335,729,0,0
140311,18,374,858,49,461,736,11,447,776,0,0
140312,10,234,362,25,276,308,6,275,319,0,0
140313,11,168,411,33,217,341,15,210,358,0,0
140314,14,180,684,43,230,612,16,225,634,0,0
140315,18,375,1048,81,499,875,39,492,907,0,0
140316,0,46,66,6,56,52,0,58,53,0,0
140317,13,672,1214,72,886,951,27,848,998,0,0
140318,17,488,805,63,580,672,20,587,696,0,0
140319,8,251,563,53,298,480,13,309,491,0,0
140320,5,51,86,9,60,76,3,62,72,0,0
140321,16,205,659,75,227,581,31,239,596,0,0
140322,8,111,338,27,127,304,9,132,311,0,0
140323,13,81,497,35,104,459,17,105,470,0,0
140324,7,133,702,25,181,633,9,167,656,0,0
140325,7,199,696,47,250,615,17,253,631,0,0
140326,13,160,458,37,206,398,11,209,402,0,0
140327,8,118,317,32,128,285,14,136,285,0,0
140328,20,290,696,64,344,605,21,343,634,0,0
140329,2,6,61,3,13,52,3,8,57,0,0
140330,8,49,164,22,56,145,8,60,151,0,0
140331,9,107,390,35,127,346,12,129,357,0,0
140332,3,38,126,11,46,112,2,43,118,0,0
140333,6,263,517,34,316,427,3,317,451,0,0
140334,3,9,57,6,13,50,3,13,51,0,0
140335,2,239,257,18,279,193,12,284,199,0,0
140336,4,64,151,14,78,126,7,74,134,0,0
140337,0,21,9,0,29,0,0,25,4,0,0
140338,30,579,912,98,696,729,36,681,785,0,0
140339,16,403,634,46,491,523,23,493,529,0,0
140340,21,479,963,81,576,804,26,583,836,0,0
140341,27,533,1007,97,637,842,37,633,884,0,0
140342,11,302,413,39,355,338,15,362,347,0,0
140343,11,387,485,46,478,364,21,474,373,0,0
140344,19,675,429,65,796,273,32,825,265,0,0
140345,19,530,289,48,588,221,23,584,231,0,0
140346,7,200,166,30,230,111,9,233,122,0,0
140347,12,267,292,47,337,198,19,351,203,0,0
140348,2,98,118,6,117,95,3,113,100,0,0
140349,19,391,571,60,516,416,21,535,422,0,0
140350,4,68,135,9,105,94,1,112,95,0,0
140351,22,507,396,53,597,288,20,611,292,0,0
140352,6,259,198,28,310,138,8,318,134,0,0
140400,9,405,338,44,476,239,17,473,253,0,0
140401,23,563,466,64,665,331,22,667,345,0,0
140402,13,595,400,60,716,245,27,735,242,0,0
140403,20,579,355,52,654,260,21,662,258,0,0
140404,12,584,276,37,653,197,15,665,188,0,0
140405,18,592,219,30,649,157,14,656,158,0,0
140406,5,104,41,7,111,35,4,108,36,0,0
150002,7,229,117,9,270,78,5,287,69,275,65
150003,3,190,61,7,210,40,2,211,40,208,39
150004,0,119,42,5,132,28,2,134,27,130,28
150005,5,253,122,15,297,72,3,302,71,296,69
150006,6,64,48,7,81,27,3,87,26,79,33
150007,3,82,24,3,87,19,2,86,17,82,21
150009,0,105,39,5,113,22,5,116,23,123,16
150010,0,51,23,3,59,12,1,57,14,55,11
150011,6,195,73,12,214,44,3,217,46,212,47
160001,17,398,408,37,463,338,8,489,329,0,0
160002,16,331,308,35,370,271,16,377,270,0,0
160003,21,244,300,37,268,274,14,276,272,0,0
160004,14,320,289,23,379,228,7,385,225,0,0
160007,18,300,337,40,339,294,21,351,280,0,0
160008,20,447,476,47,527,391,17,549,387,0,0
160009,20,382,459,49,433,400,21,449,383,0,0
160011,11,207,405,31,245,359,5,253,358,0,0
160013,19,261,327,45,299,275,18,312,266,0,0
160015,14,296,309,34,349,259,13,366,242,0,0
160017,17,335,347,37,402,278,21,398,281,0,0
160019,11,245,268,34,287,209,17,289,207,0,0
160020,16,231,231,35,254,203,16,258,200,0,0
160021,13,142,197,25,171,163,12,176,159,0,0
160024,0,19,14,3,19,13,2,19,13,0,0
160025,4,25,186,14,32,171,6,34,170,0,0
160026,13,127,242,24,149,220,8,158,214,0,0
160027,5,69,51,6,75,47,4,76,43,0,0
160028,2,25,53,6,31,49,1,33,48,0,0
160030,4,49,84,8,66,64,2,67,69,0,0
160031,36,843,794,71,1009,610,43,1018,605,0,0
160033,1,137,150,15,146,133,5,151,129,0,0
160034,18,365,438,40,431,366,21,439,349,0,0
160035,5,210,120,15,242,81,9,231,91,0,0
160036,7,170,121,17,201,84,6,196,92,0,0
160037,22,624,339,44,722,240,16,735,237,0,0
160038,33,936,460,70,1060,316,38,1044,329,0,0
160039,20,530,203,36,598,135,14,615,125,0,0
160040,21,516,206,27,599,130,25,603,118,0,0
160041,7,280,130,19,330,86,9,326,86,0,0
160042,24,652,481,59,774,343,11,780,350,0,0
160043,10,316,139,17,355,99,5,374,92,0,0
160044,0,122,46,3,132,36,3,135,30,0,0
160045,12,517,365,37,618,250,16,625,247,0,0
160046,8,158,81,12,195,42,6,205,37,0,0
160048,11,274,189,31,340,119,10,349,119,0,0
160049,16,413,168,31,462,107,11,472,106,0,0
160050,27,668,545,43,814,400,15,823,404,0,0
160051,4,22,25,7,24,20,5,26,19,0,0
160052,0,13,2,0,12,2,1,11,2,0,0
170001,2,55,23,4,65,14,1,68,13,0,0
170003,17,361,154,40,432,78,14,449,70,0,0
170005,10,175,122,15,227,73,3,239,62,0,0
170007,5,169,90,10,212,41,3,216,45,0,0
170008,0,36,16,2,43,8,0,45,8,0,0
170009,18,164,103,25,216,50,11,219,46,0,0
170011,8,227,37,19,254,5,5,262,8,0,0
180140,8,340,136,17,383,83,9,381,86,391,80
180320,3,173,97,15,210,51,2,213,56,204,59
180410,3,219,91,14,242,57,6,243,62,239,64
180520,4,208,96,11,233,63,10,232,60,225,62
180611,8,192,132,20,225,89,8,233,86,211,106
180612,4,167,143,18,207,94,4,224,88,197,105
180621,5,257,207,15,323,133,5,319,138,298,156
180622,5,192,167,10,220,138,4,216,140,212,139
180710,4,166,73,9,195,41,2,195,45,192,42
180810,6,350,112,14,393,67,10,378,71,369,77
180820,6,379,136,20,426,77,9,428,81,412,85
180910,1,167,78,5,202,40,4,201,42,193,50
180911,0,70,24,4,78,14,0,75,20,74,19
190111,13,509,262,32,558,196,16,561,196,0,0
190121,8,641,255,23,714,171,10,717,173,0,0
190122,7,223,196,17,259,153,9,242,169,0,0
190131,6,221,137,17,245,106,12,240,105,0,0
190132,9,580,256,36,642,167,12,640,183,0,0
190142,22,875,618,70,1021,432,43,996,462,0,0
190143,12,413,299,37,449,248,23,448,252,0,0
190211,9,419,310,24,507,210,10,502,211,0,0
190221,5,339,244,33,394,172,14,396,177,0,0
190311,8,388,158,19,441,102,15,426,108,0,0
190401,10,424,171,27,462,127,10,468,132,0,0
190402,3,256,106,9,280,80,7,277,85,0,0
190403,5,250,89,14,279,58,8,272,65,0,0
190404,25,1113,436,52,1233,297,36,1220,293,0,0
190405,13,713,197,35,769,138,25,744,142,0,0
190406,4,339,108,21,360,70,13,362,65,0,0
190407,0,171,48,2,177,39,4,171,39,0,0
190408,1,261,72,10,283,47,5,276,51,0,0
190409,0,328,113,14,351,84,5,352,81,0,0
190410,3,211,82,10,218,70,5,226,63,0,0
190411,7,369,128,19,420,73,8,409,84,0,0
190412,3,178,52,5,193,33,7,187,36,0,0
190413,5,402,131,8,451,86,5,442,87,0,0
190414,10,743,258,25,814,186,13,804,185,0,0
190415,1,38,15,1,45,9,1,46,8,0,0
190416,13,634,237,25,712,149,18,693,156,0,0
190417,21,1140,411,56,1255,276,26,1244,293,0,0
190418,7,710,354,20,817,234,20,781,254,0,0
190419,10,533,266,26,613,172,23,581,191,0,0
190420,4,306,216,13,365,145,6,348,168,0,0
190421,9,424,262,18,488,191,16,472,200,0,0
190422,2,388,138,21,430,77,5,426,89,0,0
190423,3,235,81,13,249,57,8,251,52,0,0
190424,0,39,23,3,46,14,1,42,19,0,0
190425,10,202,87,15,223,64,7,220,68,0,0
200001,6,204,133,19,234,95,6,238,102,0,0
200003,5,426,277,25,543,146,7,537,164,0,0
200005,11,401,274,25,513,157,6,516,165,0,0
200007,4,198,136,19,223,98,3,219,111,0,0
200012,5,255,106,13,299,57,6,312,47,0,0
200013,3,165,58,7,184,35,2,189,34,0,0
200018,19,742,381,52,860,237,30,863,242,0,0
200020,10,969,503,51,1156,288,25,1154,306,0,0
200021,11,419,344,44,481,254,21,482,263,0,0
200022,4,246,44,9,265,20,4,266,21,0,0
200023,12,436,147,22,488,86,10,493,86,0,0
200026,9,392,58,12,422,29,2,429,26,0,0
210001,11,631,275,21,755,153,11,751,160,730,173
210002,4,257,122,11,296,81,3,295,89,292,87
210003,2,566,299,16,626,228,11,611,241,609,239
210004,5,324,123,13,353,96,4,360,90,353,96
210005,18,744,297,32,832,209,24,820,215,806,229
210006,13,781,317,29,884,211,10,881,221,869,228
210007,19,1026,467,33,1177,323,19,1142,360,1147,342
210008,8,248,51,7,261,42,3,262,41,252,47
210009,19,874,357,40,996,229,13,987,244,974,252
210012,3,344,137,12,386,89,4,378,96,375,99
210014,3,249,137,20,284,88,4,295,84,278,91
210015,13,389,170,20,440,123,7,433,134,429,133
210016,14,454,295,30,551,202,16,553,198,540,208
210018,7,252,91,12,290,54,10,282,55,283,60
210019,16,587,214,27,667,134,8,670,137,652,143
210020,1,59,67,8,81,37,0,93,32,84,32
210022,14,683,393,30,844,241,12,848,238,825,244
210023,8,390,135,20,434,82,6,440,89,428,93
220001,2,151,38,3,170,19,2,171,16,0,0
220002,1,73,19,2,83,10,1,81,9,0,0
220003,3,219,73,6,263,28,6,259,25,0,0
220004,0,79,25,2,89,14,3,89,12,0,0
220005,3,374,73,17,400,39,14,407,33,0,0
220007,1,60,10,5,62,5,2,61,7,0,0
220008,5,284,64,9,303,45,7,298,47,0,0
220009,2,126,12,2,136,4,2,131,6,0,0
220010,2,34,7,5,37,3,2,37,5,0,0
230001,7,270,85,12,310,39,4,312,44,0,0
230003,4,364,80,15,405,33,9,405,37,0,0
230004,2,67,24,4,77,12,0,75,14,0,0
230006,0,46,5,1,49,2,0,49,2,0,0
230007,5,190,27,9,194,20,0,197,22,0,0
230008,5,172,39,8,192,18,3,193,20,0,0
230009,2,58,21,5,66,10,0,66,13,0,0
240102,20,347,239,28,390,201,13,386,200,0,0
240103,11,257,156,27,281,125,10,269,127,0,0
240104,8,266,200,27,299,155,14,298,159,0,0
240105,7,232,148,26,262,102,14,258,103,0,0
240106,7,291,120,19,345,57,5,350,60,0,0
240107,0,53,24,2,65,12,2,65,12,0,0
240108,7,212,134,8,250,99,5,245,99,0,0
240109,2,131,38,5,150,17,5,147,18,0,0
240110,1,159,69,6,180,46,5,182,47,0,0
240201,23,501,418,56,600,290,29,595,297,0,0
240202,9,571,330,39,639,230,12,647,232,0,0
240203,9,225,125,15,250,109,9,241,102,0,0
240204,11,756,407,48,863,272,31,862,272,0,0
240206,6,232,111,15,249,88,8,243,92,0,0
240207,13,527,166,27,594,93,16,579,103,0,0
240208,0,80,12,2,79,11,4,77,10,0,0
240210,2,232,59,8,259,27,3,255,33,0,0
240211,4,440,115,15,498,51,15,488,56,0,0
240212,2,260,58,11,287,27,6,284,28,0,0
240301,11,308,162,25,367,93,13,368,98,0,0
240302,13,884,417,47,996,286,23,996,283,0,0
240304,12,811,351,36,941,201,22,923,220,0,0
240305,14,722,309,30,829,198,19,827,196,0,0
240307,3,753,305,30,880,158,17,888,159,0,0
240308,0,131,52,6,151,24,1,159,23,0,0
240309,14,562,178,31,636,101,10,633,112,0,0
240310,6,272,80,6,307,46,4,303,50,0,0
240311,7,585,177,33,654,99,15,647,106,0,0
250001,13,545,185,25,607,119,14,598,126,0,0
250003,8,462,101,25,497,53,8,499,55,0,0
250005,13,539,132,27,600,66,10,603,71,0,0
250006,8,207,94,12,236,64,7,243,62,0,0
250007,4,244,130,15,284,80,2,287,88,0,0
250008,5,307,163,11,374,93,8,368,96,0,0
250009,14,508,175,20,566,122,11,563,120,0,0
250013,7,277,98,14,300,71,5,312,66,0,0
250015,12,167,141,16,203,101,9,199,109,0,0
250016,4,283,83,10,302,54,5,306,56,0,0
250017,6,298,179,16,364,109,7,353,119,0,0
250018,15,430,257,29,525,152,13,514,168,0,0
250020,6,509,256,33,556,190,15,572,177,0,0
250024,8,371,184,23,421,122,6,429,121,0,0
250025,8,412,108,16,440,75,13,433,80,0,0
250027,0,8,1,0,8,1,1,7,1,0,0
250028,1,22,9,2,26,4,0,28,4,0,0
260001,10,190,139,15,220,108,3,225,111,0,0
260002,10,259,90,16,287,61,2,302,56,0,0
260003,5,305,197,11,364,139,8,359,141,0,0
260005,8,156,164,13,194,126,7,188,132,0,0
260006,12,255,172,39,277,133,11,279,145,0,0
260008,20,724,401,52,822,281,13,833,292,0,0
260009,7,383,376,26,462,284,7,470,283,0,0
260016,2,192,94,8,229,52,6,230,50,0,0
260017,3,124,66,10,152,35,4,153,36,0,0
260021,7,292,102,19,338,50,13,334,50,0,0
260023,2,88,24,5,99,11,1,102,11,0,0
260025,9,503,192,20,569,126,3,576,130,0,0
260026,4,138,21,7,150,11,3,144,15,0,0
260027,4,271,89,11,308,42,2,309,50,0,0
260028,12,698,265,34,792,159,20,784,171,0,0
260029,9,716,201,26,777,133,19,777,128,0,0
260031,6,280,81,18,294,56,7,305,51,0,0
260032,10,490,159,28,543,92,9,554,90,0,0
260035,2,102,28,6,109,16,3,109,16,0,0
260036,14,708,201,45,770,126,19,778,127,0,0
260037,19,890,331,51,1003,200,18,1021,206,0,0
260038,13,880,366,61,996,216,29,1002,215,0,0
260039,19,724,266,30,840,152,17,844,154,0,0
260040,10,732,309,43,827,186,28,833,180,0,0
260041,15,916,377,53,1022,236,24,1030,249,0,0
260042,3,172,71,11,198,41,7,197,38,0,0
260043,1,29,6,4,29,4,1,29,5,0,0
260044,11,948,375,43,1076,228,19,1080,231,0,0
270011,2,64,37,2,80,23,2,81,17,0,0
270017,3,182,30,7,195,17,0,196,20,0,0
270023,5,272,92,16,298,52,8,296,53,0,0
270025,4,171,53,7,188,32,5,193,27,0,0
270026,3,133,43,7,149,25,4,149,27,0,0
270029,1,152,43,8,165,24,4,172,24,0,0
270030,6,207,77,19,236,35,9,234,39,0,0
280101,9,292,136,24,325,91,6,337,91,0,0
280201,0,55,19,2,63,12,1,64,12,0,0
280202,2,213,102,8,264,51,7,260,47,0,0
280203,3,102,38,4,117,21,3,119,23,0,0
280301,5,220,88,8,244,63,5,244,59,0,0
280302,4,20,11,2,26,7,1,25,9,0,0
290101,2,30,14,5,31,8,2,35,8,0,0
290102,2,173,52,20,182,25,1,196,29,0,0
290201,3,91,62,7,106,43,1,111,43,0,0
290203,0,16,5,3,14,3,0,17,4,0,0
290204,0,20,6,3,23,0,1,24,1,0,0
290301,1,45,29,5,45,26,1,52,22,0,0
290302,1,83,11,2,87,5,0,88,6,0,0
300201,6,291,103,17,352,37,7,347,36,0,0
300203,3,105,37,2,131,14,1,132,13,0,0
300301,9,119,70,12,155,27,10,155,29,0,0
300302,0,40,10,3,46,1,2,47,1,0,0
300303,1,76,18,2,88,7,0,92,5,0,0
300402,6,178,79,8,239,20,8,225,27,0,0
310007,4,135,47,6,154,28,0,157,28,154,30
310011,0,72,34,3,80,24,1,77,28,78,26
310015,2,133,35,7,142,22,2,143,24,143,24
310016,5,273,119,14,305,79,2,321,73,301,76
310019,0,281,107,14,310,69,6,317,64,316,62
310023,8,328,125,15,356,87,3,370,82,364,83
310027,3,281,124,16,327,70,5,335,73,337,65
310030,1,286,142,10,348,72,2,352,76,348,69
310031,6,315,155,13,354,110,4,349,117,346,120
310032,3,233,97,10,250,76,7,254,68,259,68
320011,9,281,138,15,332,87,8,331,86,325,93
320012,5,174,87,10,194,61,3,206,54,190,66
320016,2,54,33,2,64,20,3,59,27,58,29
320018,1,120,30,5,128,15,8,120,17,126,15
320019,0,71,23,1,74,15,0,79,13,73,18
320020,6,377,204,23,423,147,6,429,147,420,154
320021,1,106,83,8,127,57,4,127,54,134,56
320022,2,121,59,8,138,36,1,135,42,136,39
320023,2,133,32,8,139,19,3,138,24,137,26
320030,1,109,42,2,121,32,2,117,31,126,28
320031,3,168,44,4,185,28,1,188,24,182,29
320032,2,105,76,6,136,50,3,126,55,127,54
320033,0,189,41,6,204,27,4,202,21,204,24
320034,2,100,40,2,120,20,2,119,19,121,19
320035,12,244,161,29,282,111,11,290,108,275,115
330001,23,787,303,50,895,179,32,887,189,0,0
330002,2,263,90,6,308,36,5,303,41,0,0
330003,9,164,115,17,188,91,9,195,84,0,0
330006,16,446,216,26,534,129,16,538,125,0,0
330007,9,227,138,16,256,108,11,250,114,0,0
330010,4,154,96,10,168,79,2,181,71,0,0
330014,14,405,189,25,439,153,15,452,141,0,0
330016,6,278,57,6,298,37,2,306,30,0,0
330017,4,158,37,9,177,17,3,182,16,0,0
330018,4,117,13,1,121,13,2,120,11,0,0
330019,4,97,22,7,107,9,3,106,12,0,0
330020,3,380,83,7,433,35,8,429,30,0,0
330021,3,53,17,4,60,10,4,60,8,0,0
330023,1,210,52,8,229,29,3,235,24,0,0
330024,3,118,22,5,124,18,1,128,16,0,0
340101,13,262,113,14,319,56,15,308,58,0,0
340102,3,67,18,2,78,8,1,76,8,0,0
340103,1,54,23,2,67,14,0,65,16,0,0
340201,1,47,9,1,56,3,0,56,4,0,0
340202,13,339,94,13,365,67,4,372,60,0,0
340203,0,30,9,1,33,4,0,33,6,0,0
340301,4,59,25,7,70,16,9,68,16,0,0
340302,4,173,98,8,214,55,4,212,55,0,0
340303,1,67,55,1,95,28,4,91,30,0,0
350001,1,170,58,4,194,33,1,197,30,193,32
350002,4,107,84,12,128,56,0,147,45,146,47
350003,2,72,48,2,89,33,3,91,31,88,32
350004,12,303,167,21,362,105,7,356,111,373,100
350005,4,222,68,7,252,36,4,249,38,254,36
350006,3,150,68,6,174,45,4,174,41,180,40
350008,4,128,39,4,150,20,5,147,19,145,21
350009,3,48,44,5,67,26,3,72,22,74,19
350010,2,78,18,3,93,4,1,93,4,91,4
350011,1,107,30,4,115,20,1,120,18,116,21
350012,10,263,74,11,299,47,3,303,46,298,51
350013,5,227,106,13,262,67,4,277,55,266,66
350014,2,46,27,4,62,10,0,65,9,63,13
350113,2,65,36,3,78,25,2,82,21,84,21
360001,13,411,150,21,449,111,11,447,108,0,0
360101,7,287,212,20,346,148,12,359,134,0,0
360103,8,355,143,19,388,102,12,395,94,0,0
360202,9,335,164,28,378,110,11,382,111,0,0
360205,5,287,142,25,328,94,6,325,101,0,0
360206,14,584,212,27,666,122,8,667,128,0,0
360400,3,89,20,7,95,12,2,99,13,0,0
360401,0,41,19,0,47,14,1,44,14,0,0
360403,4,244,51,11,256,37,9,253,35,0,0
360404,1,103,28,2,109,22,1,109,21,0,0
360405,0,126,28,5,128,22,1,130,22,0,0
360406,6,126,41,6,135,32,3,131,35,0,0
360407,0,25,4,2,27,0,0,25,2,0,0
360409,1,48,9,5,44,7,2,45,8,0,0
360411,3,105,19,8,106,16,5,110,14,0,0
360412,3,150,67,10,160,55,3,164,53,0,0
360413,6,582,260,26,657,172,11,647,191,0,0
360419,10,257,162,22,288,123,3,296,129,0,0
360420,2,145,48,11,156,33,5,156,36,0,0
360421,0,36,11,1,39,8,0,40,8,0,0
360503,9,339,302,33,404,233,14,400,238,0,0
360516,9,307,243,28,341,201,16,346,193,0,0
360517,11,189,179,21,220,143,11,228,136,0,0
360527,27,536,336,47,619,251,32,614,254,0,0
360530,10,373,286,29,447,207,14,440,215,0,0
360531,0,2,4,0,3,4,0,4,3,0,0
360532,6,397,233,28,463,151,10,460,164,0,0
360533,4,414,232,17,482,159,11,463,177,0,0
360534,11,559,310,30,642,214,8,638,225,0,0
360535,9,475,289,19,586,169,12,576,177,0,0
370101,7,588,175,28,659,87,18,652,93,0,0
370102,0,163,51,2,193,19,1,190,18,0,0
370103,0,266,44,10,279,23,3,278,27,0,0
370105,11,357,172,45,419,86,31,415,94,0,0
370106,2,45,12,3,52,6,0,53,8,0,0
370201,2,147,38,9,160,20,4,153,24,0,0
370202,8,546,156,24,604,86,7,594,92,0,0
370203,0,98,17,4,101,11,0,105,9,0,0
370204,2,182,33,5,193,21,2,193,19,0,0
370301,16,717,252,36,827,136,15,817,157,0,0
370302,6,368,121,26,425,46,12,423,57,0,0
370304,1,170,50,4,189,29,4,189,29,0,0
380001,4,343,133,17,388,75,4,395,76,0,0
380002,1,80,30,4,96,11,0,99,12,0,0
380004,3,246,114,9,279,75,1,281,83,0,0
380005,0,18,16,1,22,12,1,23,11,0,0
380006,4,80,44,4,89,33,2,92,33,0,0
380007,0,6,2,0,7,1,0,6,2,0,0
380008,6,110,40,6,130,24,4,126,28,0,0
380009,0,23,6,0,26,3,0,25,4,0,0
380010,3,216,139,9,255,97,3,263,91,0,0
380011,1,71,15,1,78,8,1,81,5,0,0
380014,0,63,25,1,73,13,1,73,14,0,0
380015,2,109,42,3,122,29,1,125,28,0,0
380016,0,27,16,1,37,4,0,33,9,0,0
380022,4,256,142,11,295,97,3,294,100,0,0
390001,3,185,115,15,217,72,3,231,64,223,59
390002,13,164,121,19,208,85,8,203,89,208,92
390003,3,195,79,7,236,43,2,243,38,233,44
390004,1,64,33,4,79,16,4,70,20,74,20
390005,1,87,59,4,101,41,0,105,41,102,41
390006,2,83,27,6,91,16,4,89,19,88,17
390007,0,87,34,9,94,23,1,96,23,93,25
390008,1,201,78,7,233,43,7,227,46,229,49
390009,1,167,72,6,195,48,2,195,46,197,47
390010,4,237,112,11,278,68,8,278,71,263,73
390011,11,348,156,29,388,105,10,397,100,395,108
390012,1,109,41,6,127,26,3,129,21,127,21
390013,1,58,33,4,68,22,0,69,23,66,24
400101,2,186,58,8,203,40,4,202,42,202,42
400102,13,211,82,9,247,55,5,243,54,245,53
400103,8,331,146,21,382,86,7,380,96,385,86
400104,2,38,84,2,39,86,1,39,85,44,82
400105,8,352,127,23,397,81,14,397,84,394,88
400106,14,301,97,13,320,83,12,308,84,317,91
400107,16,475,139,18,533,85,16,533,85,537,81
400108,10,202,90,20,233,67,9,238,67,236,68
400109,10,356,107,17,394,71,4,402,67,398,69
400110,17,258,93,20,298,54,10,299,57,302,61
400111,17,471,145,20,539,87,13,529,94,533,90
400112,4,66,38,3,79,27,1,78,29,75,28
400113,2,158,59,7,176,41,3,173,45,176,44
400114,1,80,40,3,93,32,0,93,33,91,34
400201,0,62,21,2,67,14,0,69,13,67,14
400202,3,104,47,3,130,23,3,123,26,128,23
400203,8,236,134,11,282,87,2,283,93,281,90
400204,18,605,291,25,696,202,13,702,198,693,202
400205,5,158,82,12,185,52,3,189,55,183,56
400207,18,538,252,23,649,149,11,635,160,640,155
400208,7,279,145,15,312,109,10,310,106,307,112
400210,8,422,146,18,464,94,18,466,86,458,94
400211,4,245,138,15,303,73,7,300,76,305,72
400212,10,282,104,11,338,59,4,336,59,348,53
400213,2,37,19,3,45,10,0,47,11,46,10
400214,4,87,33,5,102,27,4,102,26,104,26
400215,5,135,59,3,166,32,4,167,30,161,30
400301,3,87,76,10,116,41,3,115,45,113,50
400302,9,309,118,19,368,62,9,375,58,384,54
400303,3,133,24,2,145,17,0,144,18,142,18
400304,3,150,38,4,163,24,4,159,23,168,23
400305,3,97,31,3,108,22,1,107,23,106,23
400306,4,77,8,2,78,8,3,76,7,77,7
400309,1,58,12,0,65,8,0,63,11,64,8
400310,8,317,133,16,363,83,13,366,77,373,78
400311,10,206,96,6,236,70,3,238,66,236,65
400312,3,157,65,7,179,45,5,183,43,181,44
410001,13,345,148,17,401,101,8,404,93,0,0
410002,12,401,158,26,461,92,9,467,96,0,0
410003,4,336,127,8,401,70,10,388,73,0,0
410004,4,247,60,11,267,37,6,268,35,0,0
410005,5,353,106,23,399,48,13,386,64,0,0
410006,2,257,82,18,272,55,4,278,54,0,0
410007,9,252,73,21,274,43,7,275,54,0,0
410008,17,516,229,44,583,143,20,582,155,0,0
410009,12,399,146,35,441,90,13,449,99,0,0
410010,9,470,233,31,555,133,17,552,141,0,0
410011,12,458,224,38,534,133,14,527,149,0,0
410012,9,381,272,32,461,177,11,467,178,0,0
410013,5,192,70,11,217,41,5,215,41,0,0
410015,13,560,206,36,604,150,12,607,147,0,0
410016,11,454,163,35,507,101,15,521,96,0,0
410019,11,592,269,36,666,178,17,688,159,0,0
410020,6,328,146,22,370,98,11,371,95,0,0
410021,8,493,188,27,556,115,10,558,120,0,0
410022,10,553,231,32,641,135,23,645,131,0,0
420101,3,474,140,27,516,78,15,504,91,0,0
420102,0,247,85,14,260,57,6,266,60,0,0
420103,9,699,339,49,781,226,21,771,250,0,0
420104,24,1009,423,62,1120,278,38,1116,285,0,0
420105,10,731,393,39,831,268,16,831,275,0,0
420106,7,265,129,15,295,92,7,289,104,0,0
420107,12,786,467,48,915,306,26,915,315,0,0
420110,1,138,47,11,152,30,4,152,29,0,0
420201,3,76,52,4,93,33,2,92,34,0,0
420202,3,38,137,17,36,124,10,39,127,0,0
420203,3,136,64,12,140,47,7,137,53,0,0
420204,13,685,287,31,772,189,19,747,199,0,0
420205,6,470,186,33,492,146,17,505,140,0,0
420206,5,411,201,26,454,141,13,454,153,0,0
420207,16,1123,498,70,1232,352,39,1215,384,0,0
420208,1,70,33,5,81,21,4,79,22,0,0
420209,4,61,25,8,66,15,4,66,16,0,0
420210,3,135,62,4,152,44,0,154,42,0,0
420211,14,392,224,37,418,181,9,437,181,0,0
420301,3,104,34,7,123,11,4,120,15,0,0
420302,4,79,15,4,89,5,1,90,5,0,0
420303,12,777,239,45,849,131,35,852,134,0,0
420304,2,194,58,5,228,28,1,225,29,0,0
420305,1,120,57,11,132,37,6,128,40,0,0
420306,15,285,210,23,331,165,20,316,162,0,0
420307,16,545,489,52,631,373,21,634,380,0,0
420308,14,420,293,38,480,213,16,473,226,0,0
420309,14,379,207,37,429,144,13,443,142,0,0
420310,4,123,83,13,136,62,5,135,63,0,0
420311,0,114,40,1,124,29,0,125,29,0,0
430101,3,284,95,12,304,68,3,314,61,0,0
430103,9,397,90,17,414,75,9,416,72,0,0
430204,2,146,92,4,163,79,0,172,67,0,0
430205,4,306,109,13,338,74,7,343,68,0,0
430206,2,88,27,1,96,21,0,104,12,0,0
430207,1,78,17,1,83,14,0,82,12,0,0
430310,7,145,100,13,170,79,3,175,77,0,0
430311,1,220,83,12,245,46,5,248,49,0,0
430312,3,184,69,5,210,41,3,211,40,0,0
430313,1,103,21,2,107,19,1,109,15,0,0
440001,3,165,60,6,188,36,5,190,31,0,0
440002,4,189,43,7,204,29,4,208,27,0,0
440003,6,281,123,15,318,86,8,324,83,0,0
440005,10,385,111,18,413,77,6,416,79,0,0
440006,11,434,192,15,514,112,14,496,127,0,0
440007,4,223,87,15,248,52,2,250,57,0,0
440008,6,398,142,28,437,87,8,442,91,0,0
440009,19,577,282,37,659,187,16,658,196,0,0
440010,4,159,49,10,180,25,5,182,27,0,0
440011,8,259,73,14,278,51,7,274,50,0,0
440012,14,360,148,28,410,91,17,399,100,0,0
440013,11,665,308,47,723,228,18,734,231,0,0
440014,6,444,191,30,500,111,12,505,117,0,0
440015,15,663,226,45,709,154,12,726,153,0,0
440016,8,593,268,39,690,146,13,682,171,0,0
440017,12,403,215,37,458,143,14,464,154,0,0
440018,8,420,144,28,465,86,8,479,86,0,0
440019,8,472,160,16,521,109,11,525,101,0,0
440020,13,851,509,50,1003,326,23,1001,338,0,0
440021,8,154,117,22,180,85,10,191,83,0,0
440022,8,325,84,19,355,49,9,349,55,0,0
440023,9,424,256,24,490,181,12,494,181,0,0
440024,8,324,234,22,393,162,11,409,149,0,0
440025,9,343,113,16,371,80,10,367,82,0,0
440026,4,118,57,9,143,31,3,149,33,0,0
440027,6,267,104,22,295,65,5,307,67,0,0
440028,3,264,162,18,299,112,9,299,119,0,0
450002,5,65,46,5,79,33,1,78,35,78,36
450004,6,241,185,16,316,104,8,313,109,308,110
450005,4,20,78,3,21,78,1,20,80,21,81
450006,12,201,128,24,256,73,5,260,79,248,83
450008,6,327,123,10,381,60,5,394,54,389,58
450009,3,232,142,14,292,83,4,290,90,291,83
450011,2,99,26,7,104,16,1,103,18,106,20
450012,1,54,40,1,55,40,2,51,41,54,40
450013,4,207,73,4,247,36,1,248,36,245,35
450014,3,108,36,8,122,19,1,128,20,126,21
450015,2,105,32,8,120,17,0,123,19,120,19
450017,4,158,91,14,180,69,6,180,68,176,70
450018,5,330,145,19,399,78,6,396,87,397,83
450019,10,276,115,11,334,67,2,338,67,335,68
450020,6,255,114,6,293,71,6,295,68,287,73
450022,3,204,43,7,229,22,3,223,24,226,21
450023,8,146,48,3,175,26,3,174,25,176,27
450024,6,107,44,4,137,23,1,136,23,136,23
450025,2,138,37,5,176,12,3,174,13,172,10
450026,1,123,26,1,141,10,0,142,12,140,11
450027,3,92,33,1,122,9,2,119,12,118,11
450028,0,55,5,2,59,3,2,60,2,57,2
450029,13,194,41,11,217,29,13,210,26,217,30
450031,16,432,152,25,507,78,9,511,74,509,76
450033,2,186,66,8,220,35,7,214,38,219,37
450034,7,202,52,4,233,22,1,233,23,228,29
450035,15,359,158,15,433,89,4,438,83,447,80
450036,6,264,94,6,324,40,2,333,36,325,42
450037,1,71,14,0,80,10,1,79,8,80,9
450038,4,315,124,11,378,60,7,381,56,376,58
460102,1,287,222,12,326,173,3,321,176,300,189
460103,8,449,313,29,515,236,9,522,243,491,235
460104,7,428,222,20,478,158,4,487,150,480,147
460201,11,465,338,37,529,247,6,552,248,537,256
460203,1,182,161,12,224,114,2,219,121,213,119
460205,16,797,289,38,875,202,13,897,194,875,197
460307,6,254,138,21,278,97,10,282,100,282,94
460310,0,104,66,9,118,43,4,119,46,116,41
460311,4,112,80,9,134,58,2,139,56,129,59
460312,1,42,38,3,56,25,2,53,27,54,28
460313,3,88,25,2,89,24,3,85,23,83,23
460314,9,412,241,28,466,175,10,465,181,452,181
460315,0,150,58,6,160,39,2,166,36,160,39
460316,3,199,85,14,209,63,5,216,61,206,65
460317,0,59,24,4,65,15,3,64,14,68,13
470002,2,560,101,20,607,39,10,597,48,0,0
470004,2,90,28,7,100,15,2,97,19,0,0
470009,0,50,7,0,54,3,2,50,5,0,0
470010,1,153,13,6,156,5,6,149,7,0,0
470015,2,187,34,5,206,13,1,210,13,0,0
470016,0,29,12,1,37,3,0,37,3,0,0
470020,11,618,176,31,696,88,16,687,92,0,0
470022,13,464,99,39,498,50,14,501,51,0,0
480102,7,501,265,26,601,161,10,612,154,605,160
480105,6,314,134,17,349,87,4,362,86,370,79
480202,8,235,162,18,289,101,6,296,103,291,103
480203,2,97,37,5,110,24,2,116,20,109,26
480204,5,211,93,16,232,66,6,237,64,238,67
480206,3,200,83,8,243,45,2,244,42,238,49
480302,1,115,46,7,132,23,1,138,21,129,26
480303,7,618,248,27,694,162,10,710,153,707,150
480304,10,667,244,28,756,147,5,769,145,762,147
490011,10,324,133,21,358,90,10,355,94,356,101
490012,14,433,191,26,490,131,19,479,135,482,133
490014,9,277,158,21,343,86,7,345,91,348,84
490015,4,391,187,17,446,122,7,453,123,437,132
490016,5,273,114,16,305,74,9,310,67,307,75
490020,8,376,206,26,445,128,16,434,134,427,144
490021,6,220,95,6,254,64,5,255,56,250,66
490022,13,452,162,31,498,105,17,493,110,496,113
490023,5,454,195,29,505,129,12,498,140,497,146
490024,5,346,99,21,369,71,3,369,74,354,86
490031,5,277,149,10,329,99,6,326,101,321,99
490032,1,206,78,12,231,48,5,229,50,230,50
490034,12,264,122,25,309,84,20,299,85,310,87
490036,16,544,352,50,660,214,22,670,221,653,213
490037,5,316,152,16,367,97,6,372,96,358,102
490038,5,188,123,5,229,83,7,231,75,227,77
490039,11,437,238,21,514,165,12,508,168,491,175
490101,5,158,140,8,191,107,3,197,98,181,111
490121,9,425,259,24,508,176,13,502,176,485,185
490132,9,271,200,23,308,153,13,308,157,310,159
490221,1,21,6,3,19,6,2,21,5,23,5
490241,16,532,393,51,654,255,13,658,264,644,275
490242,10,373,238,25,441,151,14,424,173,423,163
490311,7,319,161,25,355,122,7,356,122,356,125
490312,0,154,54,7,168,35,4,167,36,170,34
500004,13,306,117,18,344,76,11,348,69,0,0
500005,11,530,352,31,649,220,13,666,212,0,0
500007,1,69,44,1,80,35,2,73,37,0,0
500009,7,200,94,12,233,57,4,234,55,0,0
500012,10,222,81,7,256,51,10,252,45,0,0
500014,7,213,81,12,251,43,4,258,39,0,0
500015,16,501,244,24,589,158,11,599,148,0,0
500017,1,46,30,2,60,15,5,57,13,0,0
500018,11,241,111,19,272,75,17,269,72,0,0
500020,16,390,244,29,476,146,10,486,143,0,0
510005,7,145,194,21,167,159,8,174,156,163,126
510007,19,515,482,36,640,340,14,620,366,582,301
510009,12,487,463,36,582,344,16,578,350,529,308
510011,6,204,205,25,228,167,11,225,171,217,163
510013,19,349,300,42,418,220,30,421,209,393,198
510017,2,26,93,3,33,86,1,34,85,29,79
510021,4,97,198,14,126,161,7,131,164,120,142
510022,14,389,424,43,460,329,20,468,329,415,296
510023,5,141,533,31,164,493,10,165,496,152,454
510028,1,105,74,8,121,52,3,120,57,117,43
510033,8,707,258,26,758,200,15,756,196,732,194
510036,3,42,99,9,47,87,4,48,88,48,84
510037,8,373,211,16,419,157,9,412,166,375,143
510040,20,1184,763,67,1411,494,29,1425,504,1375,436
510041,3,312,256,18,392,157,9,393,165,345,127
510044,6,260,106,16,290,70,2,294,74,275,60
510045,1,196,155,13,244,99,6,249,98,219,86
510046,11,485,345,27,596,231,9,595,241,556,207
510047,10,255,405,43,297,339,15,309,335,280,314
510049,2,282,141,17,326,89,2,338,85,306,76
510050,1,83,71,0,94,65,1,92,65,90,61
510051,2,67,32,4,72,23,3,71,23,72,23
510052,3,127,66,5,148,46,3,148,46,131,35
510053,8,263,135,18,307,86,11,313,81,295,75
510055,7,798,441,39,924,290,23,921,299,850,270
510056,3,129,56,8,151,36,4,147,39,145,32
510058,3,181,84,14,193,67,6,190,69,181,71
510059,10,410,186,25,472,117,6,479,123,450,104
510060,1,127,44,5,130,35,3,134,34,129,35
510061,2,165,86,7,184,63,3,185,61,155,56
510064,9,344,162,16,390,117,5,398,115,374,114
510065,0,5,11,0,5,11,0,4,12,4,10
510066,0,2,3,0,2,3,0,2,3,2,3
510067,5,18,43,10,22,35,2,20,42,19,33
510068,4,176,91,5,203,62,2,202,65,191,55
510069,0,16,8,0,18,7,0,17,8,17,7
510070,4,111,68,11,124,49,7,124,46,116,45
510072,7,188,196,18,225,152,7,222,156,196,121
510073,0,71,29,2,77,20,0,80,19,76,21
520101,13,370,184,26,453,95,9,455,101,0,0
520102,1,77,24,4,85,13,1,85,15,0,0
520103,6,102,51,11,116,32,5,120,28,0,0
520104,1,186,73,6,200,60,7,196,58,0,0
520105,0,39,66,3,52,49,0,49,51,0,0
520201,3,243,144,24,279,91,8,281,102,0,0
520202,7,206,125,10,254,80,9,248,80,0,0
520203,5,222,98,12,261,54,10,257,53,0,0
520301,5,215,88,4,263,43,3,249,52,0,0
520305,9,449,241,32,542,129,12,536,144,0,0
520307,11,352,146,21,409,83,17,388,100,0,0
530101,11,283,122,26,311,77,12,323,76,313,74
530102,4,336,153,21,381,96,5,383,97,382,100
530103,2,95,54,3,118,30,1,121,29,113,36
530104,0,69,19,1,72,15,0,71,16,68,17
530201,5,186,53,7,210,31,6,206,33,197,37
530202,4,218,51,8,240,24,7,244,21,243,23
530203,12,233,139,21,276,92,4,275,98,271,100
530204,4,141,40,4,156,27,3,158,25,157,25
530301,10,371,120,19,413,76,8,417,70,412,71
530302,1,65,19,2,69,14,2,70,13,65,15
530303,5,231,76,10,254,49,9,249,52,241,57
530305,4,74,70,9,93,48,2,94,47,91,53
540101,11,412,137,27,463,79,10,467,83,466,79
540102,0,24,82,0,28,80,0,28,78,26,80
540103,1,96,44,5,108,28,6,104,28,104,31
540104,3,48,57,7,60,43,2,59,45,57,45
540201,4,185,81,15,211,47,9,217,45,212,53
540202,0,68,24,2,76,15,7,66,14,71,16
540203,4,155,96,6,200,56,1,195,59,187,65
540204,7,225,162,12,285,107,6,276,111,277,112
540205,1,96,33,8,102,20,4,100,22,103,24
540301,1,113,68,4,129,49,2,128,48,127,50
540302,4,149,119,9,173,92,5,175,90,169,91
540303,2,59,38,2,76,23,1,77,20,72,22
540304,3,155,126,11,189,87,1,193,84,183,87
550001,0,0,0,0,0,0,0,0,0,0,0
550002,0,0,0,0,0,0,0,0,0,0,0
550301,3,90,128,13,108,105,5,106,109,0,0
550302,11,260,255,51,301,186,13,307,202,0,0
550303,10,377,260,40,417,198,10,428,208,0,0
550304,19,506,404,55,594,291,23,611,289,0,0
550305,16,340,420,42,404,333,20,414,338,0,0
550306,7,228,196,39,249,150,8,263,159,0,0
550307,17,482,327,69,570,209,19,590,220,0,0
550308,0,71,46,6,77,37,3,82,35,0,0
550309,9,291,192,29,333,137,11,339,138,0,0
550310,15,258,246,38,297,188,10,301,202,0,0
550311,6,213,251,21,252,206,6,252,207,0,0
550312,9,340,445,45,418,347,13,423,364,0,0
550313,17,265,265,33,287,231,15,300,220,0,0
550314,7,206,354,23,240,310,8,255,307,0,0
550315,15,293,437,40,354,359,22,339,381,0,0
550316,9,387,435,37,470,325,10,472,344,0,0
550317,8,122,280,30,142,246,12,141,256,0,0
550318,26,836,455,81,936,313,41,947,321,0,0
550319,14,710,317,44,798,202,23,789,214,0,0
550320,9,342,184,26,389,121,12,394,123,0,0
550321,4,474,207,26,530,138,11,528,144,0,0
550322,19,702,418,59,800,290,32,810,292,0,0
550323,0,45,21,6,52,9,1,57,8,0,0
550324,6,205,146,13,227,119,7,229,115,0,0
550325,6,240,116,16,257,87,13,254,88,0,0
550326,13,140,351,29,160,323,9,182,299,0,0
550327,21,362,365,55,395,305,24,412,302,0,0
550328,13,252,332,32,281,295,15,292,292,0,0
550329,10,335,381,37,380,316,16,399,306,0,0
550330,12,254,243,39,283,193,12,298,194,0,0
550331,19,478,560,66,540,460,27,564,454,0,0
550332,4,64,81,12,74,66,4,76,69,0,0
550333,3,542,250,24,616,150,10,628,142,0,0
550334,15,762,726,65,910,529,30,905,555,0,0
550335,11,687,536,52,846,334,27,818,378,0,0
550336,12,439,393,39,530,273,9,542,289,0,0
550337,17,422,472,50,499,371,18,500,386,0,0
550338,9,471,516,43,568,389,14,560,415,0,0
550339,11,462,452,46,551,336,21,545,351,0,0
550340,8,404,471,37,480,368,13,483,381,0,0
550341,9,203,216,17,239,174,9,246,164,0,0
550342,8,588,402,35,693,271,14,683,287,0,0
550343,10,269,308,31,316,246,9,318,247,0,0
550344,9,662,508,48,794,346,25,777,377,0,0
550345,8,268,379,34,319,303,12,319,312,0,0
550346,5,124,191,20,152,145,6,152,157,0,0
550347,12,206,227,33,240,176,25,227,188,0,0
550348,5,154,209,21,177,175,8,191,170,0,0
550349,3,56,70,9,64,57,2,66,59,0,0
550350,12,326,373,26,380,311,13,381,318,0,0
550351,10,341,343,44,426,232,16,423,248,0,0
550352,11,310,394,31,387,303,13,382,308,0,0
550353,10,399,383,44,476,274,14,494,274,0,0
550354,13,400,364,59,475,243,19,477,278,0,0
550355,9,365,358,40,455,242,10,448,264,0,0
550356,9,302,314,39,347,239,13,355,254,0,0
550357,10,733,552,51,887,351,29,868,387,0,0
550358,10,809,392,42,916,260,16,914,276,0,0
550359,11,712,400,45,834,247,22,822,277,0,0
550360,13,704,552,45,886,341,28,854,387,0,0
550361,9,608,643,77,792,394,19,780,453,0,0
550362,11,527,349,38,636,210,8,636,235,0,0
550363,7,788,433,36,887,304,9,908,305,0,0
550364,10,659,314,37,717,230,17,713,251,0,0
550365,3,344,397,29,407,317,6,395,344,0,0
550366,0,240,106,12,281,59,5,274,71,0,0
550367,3,177,135,17,204,96,4,202,102,0,0
550368,2,263,249,19,315,183,4,310,201,0,0
550369,14,683,293,31,805,157,20,794,169,0,0
550370,11,604,481,49,731,316,18,746,330,0,0
550371,3,400,309,23,499,188,14,479,207,0,0
550372,7,457,359,36,544,235,15,529,267,0,0
550373,3,516,299,33,587,198,8,589,218,0,0
550374,5,117,625,20,142,590,9,143,598,0,0
550375,23,892,408,65,997,272,31,1007,282,0,0
550376,21,885,399,63,994,256,28,1020,251,0,0
550377,16,594,278,50,667,181,19,673,192,0,0
550378,12,453,222,37,521,138,15,542,130,0,0
550379,9,459,202,32,510,138,16,521,132,0,0
550380,17,480,289,51,556,184,12,563,199,0,0
550381,13,146,733,35,175,692,9,182,691,0,0
550382,17,561,276,53,632,179,24,623,207,0,0
550383,6,399,186,29,439,134,15,439,137,0,0
550384,11,222,72,18,234,53,6,241,51,0,0
550385,1,173,93,9,199,59,4,202,61,0,0
550386,0,51,29,3,58,20,1,57,19,0,0
550387,1,57,37,4,65,26,2,61,29,0,0
550388,4,257,98,10,275,77,4,279,74,0,0
550389,13,209,698,44,240,644,15,248,642,0,0
550390,8,112,474,28,126,450,9,148,436,0,0
550391,16,469,571,54,562,448,25,557,456,0,0
550392,19,346,367,40,373,331,19,389,324,0,0
550393,8,111,142,10,134,125,5,141,122,0,0
550394,18,284,372,60,323,309,26,338,311,0,0
550395,4,180,167,20,216,126,7,222,126,0,0
550396,19,321,427,48,376,351,16,395,350,0,0
550397,22,432,577,47,513,479,15,542,465,0,0
550398,10,141,278,34,161,247,6,171,255,0,0
550399,9,81,263,27,94,241,8,104,237,0,0
550400,8,133,377,22,142,357,12,145,355,0,0
550401,2,55,79,8,63,68,3,68,62,0,0
550402,13,475,636,55,535,545,21,556,535,0,0
550403,4,293,295,27,362,204,7,362,215,0,0
550404,11,432,353,32,515,263,11,513,270,0,0
550405,7,346,342,34,409,256,9,434,246,0,0
550406,20,374,421,49,436,339,24,438,343,0,0
550407,11,337,368,28,407,292,8,423,289,0,0
550408,10,463,329,41,536,223,12,558,225,0,0
550409,0,0,0,0,0,0,0,0,0,0,0
550410,12,385,377,61,453,270,17,477,269,0,0
550411,0,4,33,0,5,32,0,4,33,0,0
550412,0,0,0,0,0,0,0,0,0,0,0
550413,8,367,465,46,487,323,19,470,376,0,0
550414,7,482,508,39,656,331,7,642,378,0,0
550415,4,321,296,20,435,189,7,400,220,0,0
550416,4,342,384,28,470,247,12,443,287,0,0
550417,9,147,298,25,179,257,11,177,268,0,0
550418,18,181,415,46,222,349,11,231,366,0,0
550419,12,349,506,33,446,392,10,423,433,0,0
550420,10,71,432,35,88,393,13,100,395,0,0
550421,10,179,310,35,231,241,12,228,257,0,0
550422,8,439,776,43,620,575,17,575,635,0,0
550423,13,376,547,36,506,399,16,472,441,0,0
550424,8,540,524,45,666,369,16,676,379,0,0
550425,5,358,254,26,431,154,10,435,173,0,0
550426,18,611,546,62,767,361,21,759,387,0,0
550427,10,110,327,32,131,287,10,134,298,0,0
550428,3,120,92,9,139,69,2,140,75,0,0
550429,4,75,590,27,99,552,7,93,570,0,0
550430,2,38,74,6,40,70,0,48,66,0,0
550431,8,103,665,43,108,631,4,117,639,0,0
550432,8,100,242,23,108,225,7,113,226,0,0
550433,9,89,427,29,96,411,10,99,404,0,0
550434,9,71,478,26,75,467,5,78,467,0,0
550435,4,50,224,16,54,211,3,60,207,0,0
550436,9,178,560,36,213,509,11,217,519,0,0
550437,11,173,440,30,214,390,20,215,386,0,0
550438,6,40,124,7,53,114,7,49,115,0,0
550439,6,59,141,8,69,130,5,77,122,0,0
550440,9,424,487,35,516,365,13,514,378,0,0
550441,10,368,533,44,427,444,14,430,458,0,0
550442,7,166,343,25,200,294,6,208,297,0,0
550443,9,396,382,43,471,286,18,469,293,0,0
550444,4,337,288,23,426,189,6,432,196,0,0
550445,6,439,393,28,513,298,12,515,305,0,0
550446,26,487,515,60,586,391,22,580,419,0,0
550447,16,438,511,42,550,383,11,570,385,0,0
550448,6,475,451,45,574,320,14,575,338,0,0
550449,16,675,554,54,787,395,18,794,422,0,0
550450,17,587,590,52,734,412,26,734,430,0,0
550451,5,455,367,34,533,262,14,528,279,0,0
550452,10,691,652,42,836,465,17,842,484,0,0
550453,9,272,356,24,319,289,11,315,308,0,0
550454,11,438,371,29,537,271,10,533,281,0,0
550455,8,393,401,28,486,301,14,473,320,0,0
550456,12,437,376,31,551,251,13,559,259,0,0
550457,11,504,615,45,655,448,24,641,482,0,0
550458,4,290,297,23,341,228,9,352,230,0,0
550459,9,451,533,34,576,393,12,564,425,0,0
550460,8,615,538,51,745,371,12,765,389,0,0
550461,5,311,386,25,394,287,9,396,292,0,0
550462,7,428,428,35,497,333,17,509,331,0,0
550463,12,363,449,37,449,346,10,454,356,0,0
550464,6,302,285,26,350,221,11,352,228,0,0
550465,8,270,294,33,309,233,10,306,251,0,0
550466,4,102,238,15,121,209,8,126,207,0,0
550467,12,353,492,37,409,416,11,411,429,0,0
550468,7,285,316,25,332,258,9,344,261,0,0
550469,7,697,420,26,800,306,8,802,318,0,0
550470,2,20,87,4,28,80,2,29,80,0,0
550471,6,438,267,20,525,168,7,534,174,0,0
550472,7,295,263,29,360,173,12,363,188,0,0
550473,9,463,441,37,545,334,12,542,347,0,0
550474,14,438,451,50,525,332,17,527,348,0,0
550475,8,259,362,38,319,269,18,305,289,0,0
550476,5,205,216,18,244,159,6,233,177,0,0
550477,2,18,29,4,25,22,2,24,23,0,0
550478,0,88,67,1,114,45,0,107,50,0,0
550479,2,23,33,3,31,24,1,30,27,0,0
550480,6,53,280,15,61,266,6,64,268,0,0
550481,3,17,76,2,19,77,0,19,76,0,0
550482,7,92,345,18,107,323,4,114,324,0,0
550483,4,229,332,26,259,284,8,260,290,0,0
550484,14,294,438,49,352,356,22,351,378,0,0
550485,11,364,425,33,420,352,17,417,352,0,0
550486,10,167,234,23,187,203,8,192,204,0,0
550487,12,312,327,30,355,272,15,371,263,0,0
550488,11,256,344,23,330,273,11,333,270,0,0
550489,10,269,396,43,320,313,19,308,340,0,0
550490,8,186,278,25,222,226,9,217,237,0,0
550491,6,33,599,29,47,566,7,47,576,0,0
550492,13,328,288,40,361,235,16,370,241,0,0
550493,14,181,275,28,208,240,12,225,231,0,0
550494,9,262,253,24,313,192,7,316,194,0,0
550495,10,668,437,52,766,314,16,788,310,0,0
550496,0,4,3,0,4,3,0,4,3,0,0
550497,7,226,215,25,260,169,12,276,161,0,0
550498,2,60,66,7,67,60,0,67,59,0,0
550499,7,130,192,12,153,167,9,148,164,0,0
550500,13,184,274,28,199,250,6,207,239,0,0
550501,8,178,419,29,215,367,14,216,374,0,0
550502,21,240,389,44,268,347,18,281,347,0,0
550503,5,287,333,30,347,251,10,335,273,0,0
550504,2,165,228,18,196,189,7,185,202,0,0
550505,6,89,139,14,99,123,5,101,124,0,0
550506,9,203,269,31,241,223,10,248,226,0,0
550507,6,292,428,43,358,340,14,354,364,0,0
550508,14,298,420,28,387,324,14,376,345,0,0
550509,4,268,449,36,332,353,12,330,381,0,0
550510,6,202,375,36,244,315,9,241,337,0,0
550511,5,127,225,14,160,187,6,156,196,0,0
550512,12,93,248,29,108,219,7,108,232,0,0
550513,22,242,474,36,293,420,13,296,424,0,0
550514,10,163,382,42,181,337,15,188,343,0,0
550515,17,193,778,41,290,655,15,253,713,0,0
550516,4,128,349,29,155,296,9,151,318,0,0
550517,4,95,244,11,114,218,4,112,220,0,0
550518,0,0,0,0,0,0,0,0,0,0,0
550519,2,28,27,2,33,24,1,33,24,0,0
550520,5,25,114,16,27,101,4,30,106,0,0
550521,9,79,314,26,98,282,12,96,293,0,0
550522,8,76,345,22,103,305,9,104,310,0,0
550523,7,68,229,21,84,207,9,76,220,0,0
550524,8,181,685,52,220,600,13,226,618,0,0
550525,23,307,756,57,368,655,20,359,696,0,0
550526,3,37,198,12,52,177,4,47,191,0,0
550527,11,161,625,38,221,542,16,200,567,0,0
550528,12,233,821,61,357,644,19,320,720,0,0
550529,15,162,873,69,217,760,23,197,815,0,0
550530,6,123,468,29,165,408,7,162,426,0,0
550531,6,67,292,16,84,262,6,80,276,0,0
550532,10,151,693,39,203,616,13,189,645,0,0
550533,11,227,1029,60,353,859,8,301,934,0,0
550534,15,155,498,45,210,410,15,193,449,0,0
550535,5,63,99,8,70,93,3,75,87,0,0
550536,7,65,161,12,98,124,7,98,127,0,0
550537,3,51,77,6,54,70,4,55,71,0,0
550538,7,119,227,21,128,211,5,139,203,0,0
550539,7,139,155,19,149,141,8,163,132,0,0
550540,8,53,118,13,52,116,6,60,109,0,0
550541,12,139,214,19,154,197,10,154,197,0,0
550542,3,59,158,15,67,145,7,68,144,0,0
550543,2,63,115,13,70,97,1,75,102,0,0
550544,4,90,90,9,94,82,2,97,83,0,0
550545,9,81,137,16,86,135,4,88,137,0,0
550546,18,204,337,34,237,304,11,243,304,0,0
550547,10,203,230,15,237,201,5,247,190,0,0
550548,12,155,188,24,170,163,9,174,163,0,0
550549,9,267,296,34,289,255,13,306,249,0,0
550550,5,116,129,15,121,114,5,134,110,0,0
550551,17,152,219,23,174,201,8,180,200,0,0
550552,3,78,121,10,93,102,3,93,103,0,0
550553,8,136,172,18,147,160,2,156,159,0,0
550554,7,162,247,17,197,210,7,202,204,0,0
550555,0,8,8,1,7,8,1,7,8,0,0
550556,5,148,161,12,160,144,4,174,135,0,0
550557,5,153,169,21,170,146,7,169,150,0,0
550558,12,236,294,18,295,234,10,308,220,0,0
550559,5,293,261,19,334,206,4,333,208,0,0
550560,4,126,123,8,144,104,1,141,112,0,0
550561,5,344,231,26,368,199,12,374,194,0,0
550562,4,85,121,16,94,103,4,104,97,0,0
550563,14,273,306,36,293,274,13,304,272,0,0
550564,6,72,166,14,83,152,4,86,150,0,0
550565,0,0,0,0,0,0,0,0,0,0,0
550566,0,0,0,0,0,0,0,0,0,0,0
550567,15,139,609,39,173,552,16,167,570,0,0
550568,7,33,442,23,36,428,5,47,428,0,0
550569,5,63,525,25,87,483,9,84,496,0,0
550570,3,27,546,19,29,532,5,35,538,0,0
550571,2,13,460,19,19,443,7,23,444,0,0
550572,9,13,511,21,16,500,2,20,504,0,0
550573,3,53,120,6,57,118,4,56,117,0,0
550574,11,203,551,34,236,501,8,245,502,0,0
550575,15,370,563,41,430,491,11,446,489,0,0
550576,17,343,475,38,391,410,16,402,406,0,0
550577,18,434,616,49,466,566,18,494,549,0,0
550578,10,510,285,29,570,208,21,560,211,0,0
550579,9,636,304,36,707,210,21,716,208,0,0
550580,7,396,252,36,452,176,16,451,188,0,0
550581,1,55,57,4,65,46,3,61,49,0,0
550582,5,120,93,9,131,80,2,132,80,0,0
550583,1,63,88,10,81,63,2,83,64,0,0
550584,1,0,10,2,2,7,0,3,8,0,0
550585,4,138,195,14,148,175,7,141,183,0,0
550586,2,22,56,2,29,52,3,29,49,0,0
550587,2,46,105,8,56,90,2,54,94,0,0
550588,2,21,84,5,27,75,1,26,75,0,0
559999,351,15029,28675,1342,19052,23812,441,18742,24712,0,0
560002,4,72,415,16,86,392,11,88,390,82,403
560007,9,251,246,19,302,193,9,300,193,289,197
560008,4,132,146,10,159,117,5,155,120,154,124
560009,2,84,112,9,93,97,3,95,99,87,107
560010,10,265,184,15,299,148,14,297,148,292,155
560011,12,311,286,29,366,221,11,362,228,356,231
560013,2,157,95,9,174,76,3,174,78,162,83
560014,2,108,95,8,123,75,5,128,69,119,77
560015,3,168,123,10,194,93,3,189,100,186,99
560016,6,253,156,16,295,110,6,295,113,290,113
560018,2,174,104,10,191,78,4,185,84,178,85
560019,6,277,201,18,321,149,7,324,147,311,157
560020,6,350,243,24,385,194,8,397,189,394,196
560021,3,196,145,10,221,117,7,220,117,212,128
560026,16,377,204,31,441,132,9,435,140,430,149
560027,3,307,138,16,332,100,7,330,102,331,100
560028,9,647,245,28,730,152,13,719,161,711,166
560029,7,605,232,36,643,172,20,641,172,638,183
560031,5,141,50,12,154,27,5,151,33,151,37
560032,7,196,151,13,227,123,8,224,121,219,129
560033,3,174,113,6,195,86,5,207,78,196,85
560034,2,209,87,11,230,59,5,237,55,236,57
560035,5,170,85,13,186,65,5,191,60,179,74
560036,9,372,229,27,411,178,15,411,185,396,198
560038,6,191,101,15,215,67,5,222,64,218,65
570101,3,130,39,8,143,21,6,143,19,0,0
570103,7,162,83,10,190,60,3,187,64,0,0
570105,18,612,245,36,669,177,13,674,180,0,0
570106,1,39,12,1,43,8,0,44,8,0,0
570107,24,476,422,47,588,297,16,555,340,0,0
570108,6,206,107,16,229,75,3,234,79,0,0
570109,9,607,196,24,654,134,9,650,142,0,0
570110,15,559,164,29,616,103,13,617,110,0,0
570111,5,86,40,3,109,22,5,105,22,0,0
570112,3,237,75,11,264,45,8,260,53,0,0
570201,28,1133,437,60,1250,288,36,1235,312,0,0
570202,1,57,43,5,59,37,1,60,38,0,0
570203,17,1092,417,62,1189,282,29,1171,305,0,0
570204,15,720,299,47,779,220,26,778,217,0,0
570205,3,77,83,7,90,71,5,92,69,0,0
570206,3,120,43,3,131,34,3,128,34,0,0
570207,3,174,30,10,179,16,7,175,21,0,0
570208,9,216,71,13,243,40,17,239,37,0,0
570301,12,315,245,19,394,164,7,389,170,0,0
570303,2,101,31,4,109,21,1,107,23,0,0
570305,13,499,173,25,534,132,21,532,125,0,0
570306,1,124,47,8,137,28,2,138,31,0,0
570307,9,277,266,20,340,196,6,317,221,0,0
570308,4,316,142,17,329,118,12,331,115,0,0
570310,3,78,618,18,91,592,7,96,589,0,0
570311,0,14,19,1,17,14,0,16,17,0,0
570312,7,542,287,25,615,207,27,605,208,0,0
570313,5,84,1022,14,120,980,8,109,982,0,0
580002,9,255,166,23,306,107,8,307,113,300,120
580003,20,400,333,34,511,222,11,503,237,502,237
580004,7,123,136,8,185,80,2,174,93,167,98
580005,12,125,98,15,154,74,10,146,79,148,80
580007,7,530,361,22,667,213,13,646,225,638,231
580011,15,276,232,26,336,175,12,326,186,312,190
580014,14,336,184,19,407,119,8,402,121,395,125
580023,14,416,226,24,490,155,9,487,159,487,160
580025,3,334,136,8,375,100,5,376,93,377,93
580026,23,494,189,28,554,132,12,552,134,547,140
580028,14,613,244,19,703,163,9,690,170,685,166
580031,9,487,246,28,569,155,17,564,162,558,173
580034,13,329,98,15,367,74,12,361,70,367,70
590104,7,358,152,10,405,108,13,398,109,0,0
590111,3,199,73,12,218,51,8,214,50,0,0
590112,3,136,59,8,154,40,8,150,39,0,0
590118,9,498,179,31,537,119,13,546,125,0,0
590202,17,524,443,30,649,312,8,645,312,0,0
590215,4,77,44,12,86,33,4,92,33,0,0
590217,7,356,173,11,419,106,8,410,113,0,0
590307,13,644,250,29,726,163,22,710,172,0,0
590309,6,166,67,11,185,41,11,179,43,0,0
590314,8,396,114,21,413,93,14,408,91,0,0
600002,16,268,432,53,318,343,22,310,377,0,0
600003,12,559,422,59,627,313,22,638,318,0,0
600004,15,438,707,52,567,549,22,558,574,0,0
600005,5,147,144,11,186,98,7,174,112,0,0
600006,16,337,498,42,407,404,24,404,412,0,0
600007,0,46,101,9,54,86,5,53,89,0,0
600008,12,163,353,29,204,299,15,208,298,0,0
600009,15,445,715,71,600,505,18,590,561,0,0
600010,12,232,465,31,305,377,13,297,397,0,0
600011,3,63,126,6,90,97,4,85,100,0,0
600012,3,54,197,16,73,164,5,70,174,0,0
600013,13,381,610,63,494,458,21,471,508,0,0
600014,2,11,53,3,13,52,2,13,52,0,0
600015,8,492,674,31,663,478,10,655,504,0,0
600016,17,555,787,68,707,585,30,701,622,0,0
600101,16,687,336,37,776,243,22,752,250,0,0
600102,11,646,369,32,757,251,10,746,266,0,0
600201,17,706,325,41,803,213,17,802,220,0,0
600301,23,861,562,64,1017,367,28,1010,389,0,0
600401,7,750,648,44,931,442,17,913,460,0,0
600402,17,571,517,51,712,345,18,704,379,0,0
600403,1,59,88,7,79,60,3,79,65,0,0
600404,9,200,203,23,247,149,18,242,154,0,0
600405,7,825,398,42,940,250,21,928,278,0,0
600406,7,275,102,13,312,64,9,304,69,0,0
600407,2,274,169,19,310,115,9,301,130,0,0
600408,0,40,32,2,55,18,0,50,20,0,0
600409,17,514,234,30,577,169,24,570,166,0,0
600410,10,275,127,14,326,81,11,311,90,0,0
600411,1,155,167,21,178,127,7,182,133,0,0
610001,0,19,32,3,18,30,1,19,30,21,27
610003,4,164,145,15,190,109,3,192,114,190,115
610004,13,424,267,26,499,184,11,501,195,495,193
610005,8,168,119,12,193,97,5,188,102,189,98
610006,4,552,295,24,627,202,7,622,212,618,204
610007,5,212,171,11,269,109,4,271,109,264,108
610008,4,154,109,12,169,90,3,172,90,169,86
610011,11,392,219,26,431,170,9,435,171,421,184
610014,13,338,229,30,397,161,12,399,162,397,174
610019,2,98,39,6,107,29,1,108,28,107,32
610020,0,56,30,4,67,15,0,73,14,67,16
610021,1,143,60,8,166,36,1,171,34,165,36
610026,1,196,50,7,222,30,4,220,33,222,29
610027,10,503,248,25,585,169,6,585,171,568,181
610028,6,402,151,21,442,105,2,450,101,444,105
610029,1,201,104,10,225,77,3,220,83,225,78
610030,3,168,49,7,189,29,2,194,24,189,25
610032,0,161,90,7,186,61,2,188,60,183,58
610033,7,166,79,11,193,53,1,197,50,191,52
610034,7,274,162,27,302,124,8,315,118,311,123
610035,4,188,131,7,227,91,3,226,90,229,86
610036,11,292,113,18,325,78,7,331,73,323,77
610037,5,372,93,12,403,65,3,398,74,389,71
610038,1,35,8,3,36,7,1,36,9,36,8
610039,1,126,40,8,146,17,3,144,22,140,26
610040,0,152,51,11,165,30,1,173,30,168,31
610041,10,309,156,21,344,116,12,350,110,347,110
610042,3,297,132,20,337,85,5,344,92,333,86
610043,6,329,112,25,351,80,10,364,74,364,80
610044,3,190,69,8,214,47,3,217,47,214,43
610046,3,210,53,6,235,31,2,233,30,234,31
610047,4,327,107,11,347,78,3,359,72,351,72
610048,0,58,24,1,62,22,0,61,23,61,22
610049,8,305,83,14,325,65,2,325,71,324,67
610051,1,130,33,4,142,20,1,138,24,136,23
610052,3,141,38,6,150,27,3,148,27,146,28
610054,0,41,33,3,49,23,2,48,25,51,24
610055,1,29,49,3,32,45,0,35,45,35,42
620013,8,326,506,38,442,357,9,445,370,0,0
620016,22,555,583,49,752,373,21,756,382,0,0
620022,8,179,329,23,274,220,8,283,222,0,0
620025,14,506,514,50,676,318,16,702,313,0,0
620031,10,258,365,39,325,284,17,328,281,0,0
620051,8,198,75,11,235,39,7,240,38,0,0
620052,4,204,230,18,279,152,5,293,142,0,0
620053,22,483,573,35,684,358,17,685,364,0,0
620054,4,102,45,4,127,24,2,125,25,0,0
620055,2,143,51,6,160,31,3,161,32,0,0
620056,7,135,87,17,164,54,5,166,55,0,0
620058,22,329,311,35,447,192,19,458,182,0,0
620059,9,294,144,18,354,81,12,353,81,0,0
620060,20,370,311,33,479,196,12,492,197,0,0
620062,6,289,179,19,335,126,7,341,127,0,0
620063,6,164,118,16,212,68,8,221,64,0,0
620064,4,401,227,21,489,134,7,493,133,0,0
620065,8,297,130,13,351,81,6,355,77,0,0
620066,6,275,205,21,358,117,11,371,105,0,0
620067,2,240,85,10,266,55,5,271,49,0,0
630001,6,177,92,12,195,70,5,204,66,0,0
630002,9,229,167,22,245,137,11,258,128,0,0
630003,15,433,505,59,521,392,19,531,403,0,0
630004,1,42,18,2,41,16,2,45,15,0,0
630006,9,238,269,29,291,203,14,283,215,0,0
630007,8,371,350,43,445,251,11,458,257,0,0
630009,18,742,489,65,892,307,22,897,314,0,0
630011,14,760,591,63,917,395,22,925,410,0,0
630012,11,213,211,23,271,147,14,258,166,0,0
630013,13,668,552,53,833,355,15,825,380,0,0
630015,19,427,482,59,510,371,18,522,379,0,0
630018,25,509,408,56,592,308,22,608,297,0,0
630020,0,52,18,3,54,14,2,52,15,0,0
630021,7,309,135,21,343,94,14,342,100,0,0
630022,31,838,335,66,952,193,33,953,204,0,0
630023,9,323,92,10,349,66,5,347,69,0,0
630024,14,545,250,32,622,167,13,631,167,0,0
630025,10,442,249,40,504,167,11,521,165,0,0
630026,9,501,221,23,576,132,12,583,137,0,0
630027,12,507,206,29,570,133,14,556,149,0,0
630029,23,630,335,47,710,248,21,746,225,0,0
630030,24,735,494,69,864,337,34,867,341,0,0
630031,13,786,411,41,888,284,19,886,285,0,0
630032,9,335,136,26,363,97,18,357,98,0,0
630033,4,413,217,22,487,131,3,494,138,0,0
630037,8,283,81,12,304,57,9,302,55,0,0
630038,4,208,86,9,236,53,3,240,53,0,0
630039,0,0,0,0,0,0,0,0,0,0,0
630040,4,136,37,8,144,24,2,144,27,0,0
630041,7,406,153,15,440,113,9,455,100,0,0
630042,3,157,61,10,189,27,3,194,25,0,0
640001,1,39,8,2,40,6,0,41,6,40,7
640002,29,726,324,42,854,190,18,859,196,874,178
640003,6,183,101,17,210,62,2,214,65,220,61
640007,3,118,55,5,142,30,2,139,31,143,30
640008,3,96,31,4,109,18,0,115,15,116,14
640009,6,165,44,9,174,30,1,178,32,178,34
640010,2,73,18,5,78,13,0,82,14,81,15
640011,4,325,85,10,373,40,2,377,42,369,46
640012,0,72,21,2,75,16,0,76,15,75,15
640014,1,73,5,3,74,2,0,75,4,74,3
640015,10,323,138,18,360,97,7,371,89,364,101
640017,1,116,40,6,129,24,4,129,23,133,22
650101,1,106,21,4,115,7,3,113,9,0,0
650102,2,102,11,3,105,7,3,106,4,0,0
650103,5,121,31,9,124,25,4,125,23,0,0
650201,2,258,51,13,264,33,5,264,33,0,0
650202,2,61,11,4,68,3,3,65,7,0,0
650203,0,72,14,1,80,4,3,74,8,0,0
650301,0,71,7,3,71,5,1,71,5,0,0
650302,1,138,16,1,145,10,1,142,11,0,0
650303,10,163,29,14,177,18,6,179,19,0,0
660001,17,609,491,57,717,359,25,709,373,693,385
660002,21,340,204,29,362,176,16,368,172,357,179
660003,7,276,165,24,306,126,10,313,123,309,137
660004,18,703,441,49,810,314,26,798,327,799,318
660005,5,552,205,32,604,138,14,592,150,598,152
660006,13,710,341,42,810,217,27,794,227,788,240
660007,17,601,363,33,684,272,17,679,281,663,286
660008,15,517,401,42,614,282,15,599,311,594,294
660009,11,820,362,33,926,244,20,908,256,905,269
660010,9,524,319,50,581,234,15,591,241,0,0
660011,22,636,284,42,712,203,25,715,204,714,210
660012,13,573,204,36,628,130,20,613,141,608,148
660013,18,752,260,27,826,185,15,826,182,803,203
660015,15,762,345,57,857,223,22,845,250,824,252
660017,2,327,134,5,364,100,8,348,108,359,100
660018,10,854,366,39,973,221,24,942,246,940,260
660019,3,501,163,22,551,97,14,548,105,544,103
660020,14,919,384,41,1031,250,29,1004,264,1013,261
660021,16,1363,497,53,1519,302,37,1490,345,0,0
660022,6,471,195,20,527,130,16,521,122,528,127
660023,10,577,258,26,669,163,18,661,168,645,177
660024,10,352,137,18,388,90,10,391,96,378,102
660026,19,856,299,44,953,183,24,937,197,933,199
660027,19,637,238,39,728,144,14,722,150,711,158
660029,5,480,177,13,527,126,9,519,135,504,144
660030,14,1122,425,49,1246,271,24,1227,294,1218,294
660031,23,763,459,51,893,309,25,862,346,0,0
660032,11,614,245,27,689,152,12,678,170,663,181
660110,19,889,502,58,1051,322,32,1035,340,1033,349
660116,15,824,281,45,904,179,23,897,190,886,188
660120,6,560,273,23,624,193,17,614,196,0,0
660128,14,713,384,31,821,264,15,805,273,804,267
660130,12,913,520,58,1001,387,25,997,400,0,0
660131,8,323,170,20,385,100,7,364,120,363,122
660200,1,59,10,1,62,5,1,60,4,64,4
660201,0,3,0,0,3,0,0,3,0,3,0
660202,2,84,25,4,92,18,3,88,18,94,15
660203,0,2,0,0,2,0,0,2,0,2,0
670010,19,340,295,34,423,210,11,421,219,0,0
670012,0,67,24,4,71,19,4,73,16,0,0
670014,8,463,236,16,516,180,15,524,167,0,0
670015,4,232,90,10,255,60,5,257,58,0,0
670020,8,455,188,19,509,127,9,515,126,0,0
670022,15,621,384,41,727,261,22,728,270,0,0
670024,6,321,147,20,359,105,6,365,107,0,0
670030,4,333,125,10,352,101,5,360,98,0,0
670031,2,70,61,11,74,50,2,75,52,0,0
670032,9,314,168,19,360,122,6,363,122,0,0
670034,9,426,332,20,490,267,10,503,248,0,0
680101,9,341,160,13,399,113,9,403,107,408,106
680102,10,256,135,11,312,84,4,319,74,310,80
680103,13,302,163,16,378,102,7,370,107,369,111
680104,9,350,121,9,403,80,8,401,79,406,73
680105,9,240,120,10,272,93,9,275,86,275,87
680106,11,402,165,16,463,104,13,461,104,456,105
680107,9,224,137,15,270,92,7,273,90,268,94
680201,0,159,70,13,176,46,1,176,49,179,44
680202,7,168,134,12,211,88,3,216,85,203,87
680203,4,244,129,11,290,76,8,293,71,290,72
680204,7,436,164,9,501,103,3,501,106,498,105
680205,12,211,136,22,249,97,7,248,100,254,97
680207,5,225,132,13,256,105,6,253,107,259,104
680208,11,295,192,18,345,148,7,356,144,345,141
680209,2,240,137,16,285,88,5,287,90,277,87
680210,3,246,121,5,285,81,4,281,83,272,83
680301,11,363,254,22,441,170,12,441,170,438,167
680302,9,191,117,12,220,85,6,217,79,213,89
680303,12,317,220,18,386,152,10,381,154,380,150
680305,7,257,103,14,307,58,5,313,55,311,59
680306,8,256,107,4,304,73,3,301,72,294,71
680307,3,181,73,5,202,55,1,199,58,202,52
680308,4,122,51,6,140,33,4,138,34,145,30
680309,8,159,77,11,188,52,2,191,46,187,51
680310,15,331,111,13,379,74,10,375,74,381,74
690001,14,516,196,17,618,103,21,594,111,0,0
690003,7,390,192,13,486,97,10,476,99,0,0
690004,17,337,187,29,391,135,13,387,140,0,0
690006,4,106,30,7,115,17,1,115,20,0,0
690008,3,196,176,12,217,150,5,222,144,0,0
690012,12,278,157,15,315,132,9,302,134,0,0
690013,0,71,47,8,76,36,3,79,37,0,0
690014,16,434,194,25,502,127,11,505,131,0,0
690016,26,407,220,42,475,151,21,476,153,0,0
690019,10,563,250,32,667,135,19,676,129,0,0
690020,12,401,157,17,479,91,8,461,106,0,0
690031,11,423,209,23,540,91,12,541,92,0,0
690032,14,392,217,26,478,125,18,472,124,0,0
690033,22,532,211,27,622,135,14,610,132,0,0
690041,9,474,137,25,518,96,14,523,94,0,0
690050,10,392,118,15,443,69,14,421,80,0,0
690051,10,319,86,14,354,60,6,372,48,0,0
690052,3,70,39,10,82,22,4,84,24,0,0
690054,10,214,71,16,240,45,5,239,51,0,0
690055,4,141,42,3,160,29,2,157,30,0,0
690056,6,199,55,9,227,29,7,224,31,0,0
690057,12,285,63,8,335,32,8,320,40,0,0
690058,4,224,61,6,256,31,4,254,33,0,0
690059,1,142,37,6,152,24,2,156,22,0,0
690061,20,544,145,39,604,75,12,609,75,0,0
690062,11,289,82,19,315,56,11,307,64,0,0
690063,8,432,134,20,498,67,8,504,69,0,0
690099,6,186,67,10,214,45,6,206,47,0,0
700101,7,435,51,15,456,34,13,434,41,0,0
700102,4,113,43,13,112,42,3,116,40,0,0
700104,3,206,35,2,232,17,8,218,17,0,0
700107,3,89,25,6,104,9,2,105,7,0,0
700201,2,426,130,20,473,78,7,469,82,0,0
700202,8,172,42,13,175,42,4,180,42,0,0
700205,7,297,96,13,340,56,12,330,58,0,0
700302,0,97,18,3,106,7,1,106,7,0,0
700303,3,233,34,12,243,16,10,242,14,0,0
700304,2,199,63,15,215,45,7,215,46,0,0
700305,12,539,175,31,609,97,17,603,99,0,0
710001,2,263,115,13,307,69,3,309,70,0,0
710002,12,214,98,16,237,74,13,244,68,0,0
710004,9,94,48,9,101,43,2,107,39,0,0
710006,0,84,33,3,100,13,0,104,12,0,0
710007,9,148,97,21,182,57,11,196,45,0,0
710009,1,104,40,5,119,23,1,121,23,0,0
710010,4,207,110,16,255,59,5,259,60,0,0
710012,5,89,24,1,102,16,2,104,13,0,0
720001,12,500,193,26,553,124,11,551,129,0,0
720002,5,342,121,17,386,68,5,386,73,0,0
720003,9,820,348,30,936,216,13,920,242,0,0
720004,9,268,151,25,302,106,14,300,112,0,0
720005,11,482,231,38,542,156,12,546,160,0,0
720006,9,495,206,28,546,137,13,543,142,0,0
720007,14,449,267,42,515,180,26,515,184,0,0
720008,14,623,370,58,684,276,27,689,281,0,0
720009,0,73,28,0,77,22,0,77,22,0,0
720010,7,290,140,18,321,100,8,332,92,0,0
720011,0,189,80,8,218,49,1,220,51,0,0
720012,13,388,204,20,438,143,21,427,145,0,0
720013,14,508,318,45,573,221,17,566,243,0,0
720014,1,256,112,13,294,64,8,285,75,0,0
720015,8,419,257,29,482,182,13,471,199,0,0
720016,9,437,269,31,506,184,15,488,209,0,0
720017,15,713,388,41,804,275,24,794,291,0,0
720018,12,301,177,30,337,124,15,333,137,0,0
720019,8,760,425,50,862,283,24,855,306,0,0
720020,9,595,337,34,664,245,17,665,254,0,0
720021,16,676,427,46,763,311,23,753,324,0,0
720022,11,363,230,26,388,191,14,396,185,0,0
720023,12,606,293,44,674,186,21,660,211,0,0
720024,2,156,109,4,181,86,3,181,85,0,0
720025,11,50,611,29,57,594,10,67,585,0,0
720026,5,113,112,15,126,94,5,131,89,0,0
720027,3,35,588,16,45,569,5,46,567,0,0
720028,6,26,266,12,31,256,6,33,256,0,0
720029,4,52,272,11,54,263,1,58,261,0,0
720030,3,28,560,22,34,533,4,38,531,0,0
720031,8,66,865,36,77,829,11,83,826,0,0
720032,4,19,266,14,22,255,7,19,261,0,0
720033,5,97,171,16,102,162,6,107,154,0,0
720034,9,267,177,30,281,146,16,277,149,0,0
720035,14,236,301,28,276,259,12,271,265,0,0
720036,16,400,629,56,480,520,14,462,557,0,0
720037,7,141,148,15,168,118,9,158,121,0,0
720038,1,107,103,9,121,80,4,118,86,0,0
720039,16,291,354,33,328,317,19,325,316,0,0
720040,17,311,702,58,374,604,22,364,632,0,0
720041,14,247,437,36,280,386,19,276,383,0,0
720042,10,109,422,24,154,370,18,133,381,0,0
720043,4,93,321,20,116,280,6,96,307,0,0
720044,3,65,183,12,73,167,5,73,173,0,0
720045,1,31,46,4,37,40,3,34,42,0,0
720046,3,37,74,2,41,73,2,40,71,0,0
720047,8,54,632,25,78,589,13,71,594,0,0
720048,0,48,140,5,65,120,1,55,128,0,0
720049,6,136,365,25,171,314,10,156,336,0,0
720050,2,103,287,15,131,246,5,115,267,0,0
720051,5,43,165,8,57,149,6,51,151,0,0
720052,21,339,236,37,372,203,22,388,188,0,0
720053,1,94,56,6,104,43,2,101,44,0,0
720054,8,331,285,33,391,203,18,380,208,0,0
720055,12,522,506,39,637,369,29,609,394,0,0
720056,10,348,171,18,386,131,15,376,131,0,0
720057,8,294,125,22,330,78,18,319,86,0,0
720058,10,515,204,28,562,149,19,557,148,0,0
720059,6,512,196,15,565,131,13,557,135,0,0
720060,4,228,106,13,242,84,13,236,83,0,0
720061,14,750,478,46,890,310,27,873,331,0,0
720062,30,1079,590,70,1244,396,37,1210,430,0,0
720063,16,482,331,32,576,220,16,573,236,0,0
720064,6,271,117,8,309,77,8,301,81,0,0
720065,6,389,300,25,441,230,11,444,233,0,0
720066,7,434,214,23,496,145,15,493,146,0,0
720067,4,74,197,8,85,182,2,86,182,0,0
720068,6,165,565,30,234,471,16,193,518,0,0
720069,7,268,782,52,394,612,11,330,707,0,0
720070,4,103,328,21,154,259,4,123,306,0,0
720071,1,28,102,7,32,92,3,30,96,0,0
720072,9,195,569,43,239,490,14,221,527,0,0
720073,10,284,665,24,424,508,11,364,576,0,0
720074,9,286,702,35,369,589,18,334,635,0,0
720075,10,208,332,22,264,268,16,243,289,0,0
720076,8,316,329,32,371,259,14,348,286,0,0
720077,7,147,113,10,177,88,9,165,95,0,0
720078,11,338,327,27,379,269,13,375,275,0,0
720079,2,109,47,7,123,28,0,117,39,0,0
720080,15,338,214,27,379,173,12,383,170,0,0
720081,17,415,511,39,479,429,17,464,448,0,0
720082,16,267,226,32,302,186,6,308,195,0,0
720083,14,261,313,29,300,265,7,307,270,0,0
720084,10,288,353,34,316,307,13,312,322,0,0
720085,10,196,307,22,241,258,11,226,277,0,0
720086,6,218,229,19,241,193,7,241,195,0,0
720087,9,289,410,29,326,357,13,334,355,0,0
720088,12,266,521,38,308,454,21,297,469,0,0
720089,11,266,541,40,348,432,19,324,465,0,0
720090,18,408,921,65,530,760,28,477,834,0,0
720091,6,391,665,27,599,429,13,505,533,0,0
720092,3,217,279,15,310,172,4,280,209,0,0
720093,5,240,355,15,356,225,9,306,283,0,0
720094,8,406,741,33,616,506,9,515,621,0,0
720095,4,108,250,19,146,196,4,125,229,0,0
720096,10,514,822,40,784,517,17,650,665,0,0
720097,8,465,670,38,712,395,13,594,534,0,0
720098,10,222,434,25,315,330,13,282,366,0,0
720099,10,232,539,41,310,424,16,279,477,0,0
720100,10,250,439,38,325,335,12,303,372,0,0
720101,4,106,182,17,126,150,6,123,157,0,0
720102,2,147,143,13,175,103,3,172,114,0,0
720103,16,436,454,43,509,356,23,492,376,0,0
720104,6,265,271,23,296,228,6,291,237,0,0
720105,0,2,5,0,2,5,0,2,5,0,0
720106,8,203,238,19,230,203,8,232,207,0,0
720107,14,386,377,31,425,322,13,426,330,0,0
720108,3,189,159,16,194,139,6,199,135,0,0
720109,13,577,422,38,660,315,19,650,332,0,0
720110,6,721,374,42,826,227,22,799,263,0,0
720111,2,457,274,12,530,191,11,508,206,0,0
720112,11,203,237,23,223,206,11,217,212,0,0
720113,2,48,78,6,54,69,5,52,71,0,0
720114,8,149,172,10,176,147,8,170,147,0,0
720115,24,440,636,53,549,501,23,516,535,0,0
720116,1,27,57,3,33,50,2,32,50,0,0
720117,10,386,687,41,551,496,15,490,576,0,0
720118,13,340,475,36,491,299,10,448,365,0,0
720119,15,371,689,51,516,502,17,478,561,0,0
720120,10,214,453,41,264,370,13,256,396,0,0
720121,5,101,210,14,130,173,9,114,185,0,0
720122,11,383,312,48,435,236,15,432,255,0,0
720123,10,330,302,33,365,251,11,373,250,0,0
720124,9,173,304,29,201,259,11,198,273,0,0
720125,7,217,335,25,260,276,12,245,295,0,0
720126,9,243,402,27,299,330,13,284,352,0,0
720127,3,501,633,33,650,454,15,604,510,0,0
720128,15,595,979,58,823,708,19,739,813,0,0
720129,4,347,366,19,430,266,10,406,293,0,0
720130,17,594,702,72,704,537,25,665,608,0,0
720131,12,321,312,32,344,268,15,349,267,0,0
720132,14,441,271,28,504,197,14,485,220,0,0
720133,7,416,275,21,464,213,11,455,222,0,0
720134,8,372,261,26,424,192,12,418,195,0,0
720135,12,552,360,27,630,266,15,622,278,0,0
720136,9,397,234,27,422,183,12,415,193,0,0
720137,2,162,95,6,178,76,2,178,79,0,0
720138,8,365,400,30,436,306,17,432,312,0,0
720139,2,116,176,22,126,154,9,123,159,0,0
720140,0,13,7,1,12,5,0,15,5,0,0
720141,8,235,232,23,272,181,7,267,191,0,0
720142,9,165,193,12,187,169,5,193,163,0,0
720143,16,644,626,56,780,457,17,743,514,0,0
720144,8,337,357,23,424,256,7,410,280,0,0
720145,11,405,439,26,519,306,13,477,358,0,0
720146,3,246,209,9,327,122,5,305,145,0,0
720147,4,119,197,10,145,165,5,138,174,0,0
720148,13,184,352,27,205,327,13,204,328,0,0
720149,7,231,328,23,251,296,9,255,298,0,0
720150,4,404,288,24,478,191,14,463,215,0,0
720151,9,446,391,29,526,293,23,509,303,0,0
720152,12,330,408,30,398,322,16,379,339,0,0
720153,9,384,357,21,464,267,10,434,291,0,0
720154,7,291,319,16,336,267,6,342,267,0,0
720155,6,329,303,23,383,227,12,375,241,0,0
720156,7,205,196,22,240,150,11,237,157,0,0
720157,3,270,207,20,303,159,6,304,167,0,0
720158,6,134,171,13,153,146,7,150,150,0,0
720159,0,140,170,9,181,122,5,179,123,0,0
720160,8,652,493,33,755,359,19,742,377,0,0
720161,14,655,412,41,727,320,15,720,337,0,0
720162,6,268,174,18,297,140,7,296,145,0,0
720163,11,362,208,17,406,159,14,391,170,0,0
720164,6,218,129,21,242,90,8,252,91,0,0
720165,7,317,237,25,349,195,12,346,197,0,0
720166,10,423,253,32,470,190,19,462,194,0,0
720167,9,397,232,29,433,176,11,432,189,0,0
720168,11,619,424,46,698,317,20,691,330,0,0
720169,15,617,481,46,713,359,16,713,374,0,0
720170,2,78,76,8,83,66,3,88,61,0,0
720171,6,387,269,13,468,176,8,442,197,0,0
720172,13,477,455,43,571,337,20,533,380,0,0
720173,11,404,332,36,482,234,18,461,259,0,0
720174,14,357,280,32,420,197,14,417,212,0,0
720175,12,557,405,35,680,253,14,649,294,0,0
720176,8,272,291,18,355,200,8,343,215,0,0
720177,7,342,331,33,433,218,9,396,266,0,0
720178,3,434,393,19,530,280,10,521,293,0,0
720179,3,227,232,20,248,195,8,248,201,0,0
720180,3,372,302,16,469,192,5,434,232,0,0
720181,15,655,489,43,751,368,27,733,383,0,0
720182,9,503,354,37,599,227,21,569,265,0,0
720183,11,605,450,44,733,294,27,686,344,0,0
720184,3,232,140,11,281,78,7,261,99,0,0
720185,7,379,266,18,435,201,13,427,204,0,0
720186,3,183,143,12,215,104,5,210,114,0,0
720187,3,413,300,21,524,172,16,482,214,0,0
720188,13,583,429,29,691,304,19,662,331,0,0
720189,13,479,382,35,578,261,15,558,291,0,0
720190,6,380,291,26,453,202,14,436,222,0,0
720191,3,338,154,12,373,107,7,366,115,0,0
720192,19,783,511,55,909,354,32,886,375,0,0
720193,15,594,421,49,671,309,27,666,322,0,0
720194,14,723,380,43,813,263,25,802,273,0,0
720195,2,267,137,14,306,87,10,295,95,0,0
720196,10,368,272,28,431,198,15,416,206,0,0
720197,14,757,414,46,849,294,20,857,294,0,0
720198,10,648,407,35,724,309,16,711,326,0,0
720199,10,539,263,27,614,174,15,606,185,0,0
720200,3,488,191,9,554,117,6,550,125,0,0
720201,9,826,468,25,995,277,17,958,308,0,0
720202,4,396,174,12,462,96,11,446,110,0,0
720203,5,954,630,27,1247,317,24,1152,392,0,0
720204,10,936,601,52,1121,378,18,1077,440,0,0
720205,0,138,105,6,163,75,3,156,79,0,0
720206,14,743,476,43,911,282,18,874,333,0,0
720207,12,538,356,30,630,239,17,607,262,0,0
720208,4,432,381,17,536,262,7,502,303,0,0
720209,1,197,106,12,219,78,8,217,82,0,0
720210,6,680,436,38,830,250,28,781,303,0,0
720211,8,773,382,26,914,217,19,890,246,0,0
720212,6,531,277,28,593,188,14,585,206,0,0
720213,6,602,354,35,713,214,12,697,245,0,0
720214,6,606,365,46,679,255,29,660,279,0,0
720215,8,384,237,31,438,167,19,418,185,0,0
720216,8,354,271,36,394,205,14,394,215,0,0
720217,10,636,308,28,723,208,17,703,218,0,0
720218,7,620,276,32,670,204,10,677,205,0,0
720219,7,511,249,28,589,153,9,591,157,0,0
720220,8,605,267,31,676,178,12,665,187,0,0
720221,7,624,319,28,712,210,13,701,229,0,0
720222,10,635,295,25,736,173,14,692,211,0,0
720223,11,549,335,39,640,220,12,630,240,0,0
720224,3,268,178,18,299,130,7,304,127,0,0
720225,1,23,13,2,24,10,1,24,10,0,0
720226,8,283,165,17,326,113,5,320,130,0,0
720227,15,508,332,47,569,247,14,575,246,0,0
720228,8,286,218,26,323,167,15,321,169,0,0
720229,4,416,175,20,474,99,7,466,107,0,0
720230,6,921,451,50,1046,285,22,1023,320,0,0
720231,13,293,173,32,318,136,21,313,136,0,0
720232,8,221,98,15,260,50,9,248,61,0,0
720233,10,355,184,23,403,125,12,393,136,0,0
720234,4,532,211,21,600,129,9,578,151,0,0
720235,1,69,37,3,81,24,2,78,24,0,0
720236,1,229,70,6,246,46,5,241,45,0,0
720237,5,126,75,6,146,56,7,140,53,0,0
720238,11,396,147,33,441,87,13,442,94,0,0
720239,4,379,134,18,429,67,6,434,73,0,0
720326,1,13,21,1,13,21,2,13,20,0,0
720333,10,87,242,19,107,217,8,107,218,0,0
720335,0,53,41,5,59,30,1,59,33,0,0
720337,6,131,156,17,141,136,4,147,136,0,0
720345,1,6,8,2,6,8,1,6,8,0,0
720369,0,13,86,5,23,68,2,17,80,0,0
720377,2,39,42,4,44,35,1,43,38,0,0
720387,4,71,83,11,79,69,4,78,73,0,0
720392,1,91,88,5,128,45,2,105,69,0,0
720414,0,1,2,0,1,2,0,1,2,0,0
720442,2,58,58,5,67,45,5,63,48,0,0
720445,2,158,136,8,193,95,3,191,96,0,0
729999,196,10248,18648,706,13193,15156,311,12261,16218,0,0
730101,7,370,216,25,402,170,19,398,171,0,0
730102,4,535,209,17,592,141,11,582,142,0,0
730103,16,562,383,43,634,291,24,608,313,0,0
730104,17,791,563,51,903,427,32,899,430,0,0
730106,12,646,400,34,722,313,14,717,319,0,0
730107,9,531,349,36,583,274,20,576,283,0,0
730108,7,650,288,44,720,184,13,723,206,0,0
730109,11,1276,506,55,1418,332,31,1390,366,0,0
730201,9,550,265,27,619,179,19,589,209,0,0
730202,19,710,332,46,780,241,22,769,256,0,0
730203,16,979,367,59,1070,254,25,1059,268,0,0
730204,12,399,163,29,450,100,17,446,103,439,100
730205,8,493,251,33,557,175,15,548,182,534,185
730206,27,719,598,65,834,452,33,849,446,821,463
730207,16,853,525,61,1007,344,23,1019,348,1000,333
730208,6,273,129,17,307,88,8,302,94,288,87
730209,12,342,165,24,380,122,20,377,121,370,116
730302,10,585,357,34,658,260,11,644,287,0,0
730303,6,543,304,21,652,180,11,628,199,0,0
730304,13,995,496,49,1146,315,26,1118,342,0,0
730305,18,577,289,34,654,199,19,642,218,0,0
730306,8,899,419,40,1011,277,24,996,299,0,0
730307,14,792,288,38,865,194,19,852,214,0,0
730308,14,743,320,42,834,209,35,822,213,0,0
730309,8,415,195,20,469,138,13,460,142,0,0
730310,6,457,164,17,495,120,9,493,124,0,0
730312,12,749,305,43,816,217,22,827,216,0,0
740011,4,502,304,35,570,203,14,559,233,570,222
740012,4,188,168,16,217,134,8,212,140,216,140
740013,9,567,315,33,654,215,15,643,226,638,234
740015,7,332,177,21,392,114,16,382,120,386,128
740022,13,645,395,29,778,253,13,749,288,758,279
740023,8,581,366,29,681,238,21,671,245,687,249
740027,5,279,175,21,307,137,11,295,152,300,148
740028,7,422,236,23,488,152,16,468,170,477,171
740029,0,116,57,0,152,21,1,139,31,140,28
740031,9,359,330,25,456,230,16,419,255,431,251
740032,12,322,258,30,361,207,20,345,219,345,222
740033,3,125,93,12,129,80,3,131,85,127,87
740046,11,213,128,22,242,94,9,242,100,245,94
740048,14,285,137,17,318,104,11,310,105,313,112
740051,11,867,447,38,1019,275,26,995,291,999,293
740054,12,656,364,42,757,240,17,750,253,737,269
740055,11,502,258,34,567,176,12,579,181,566,183
740071,19,575,154,24,637,94,15,629,100,619,100
740072,4,497,116,15,537,69,8,537,69,537,69
740073,9,458,180,29,509,121,9,497,136,499,132
740074,1,371,109,10,409,62,3,416,61,406,65
740075,10,599,257,40,671,157,23,662,168,676,164
740076,7,318,101,13,348,68,11,348,65,349,68
740077,2,236,95,11,258,71,3,256,68,251,73
740078,10,412,121,23,438,88,8,439,94,439,95
740079,11,417,132,20,458,87,15,458,85,447,93
740080,4,308,105,10,345,65,6,339,70,331,72
750003,3,99,27,4,116,11,1,114,13,0,0
750004,11,452,196,26,522,115,13,528,118,0,0
750007,8,246,38,17,250,22,9,261,21,0,0
750009,3,140,41,11,159,15,3,171,11,0,0
750012,1,165,55,5,184,33,3,188,30,0,0
750014,7,415,90,17,445,53,11,439,60,0,0
750016,1,233,63,4,256,40,4,255,37,0,0
750017,2,155,27,5,159,22,1,163,18,0,0
750018,7,164,69,13,193,35,7,200,32,0,0
750019,12,242,81,10,286,37,4,296,34,0,0
750020,4,127,52,9,146,33,8,151,28,0,0
750030,2,195,102,7,222,70,6,229,63,0,0
760001,14,446,270,35,571,127,17,576,135,0,0
760002,11,372,125,13,426,77,8,421,81,0,0
760003,6,217,117,9,268,65,4,265,65,0,0
760004,1,104,37,4,118,20,1,120,20,0,0
760005,11,525,232,23,609,145,9,602,156,0,0
760008,2,152,23,7,165,10,0,165,11,0,0
770101,6,263,77,14,300,41,9,292,47,0,0
770102,4,184,80,12,211,51,4,216,50,0,0
770104,0,5,0,0,5,0,0,5,0,0,0
770105,14,611,106,31,646,64,17,652,65,0,0
770201,8,358,164,26,419,92,12,415,105,0,0
770202,11,656,264,35,771,140,13,747,163,0,0
770203,10,323,92,25,360,42,10,369,42,0,0
770204,0,88,13,1,94,6,1,93,7,0,0
770301,9,304,123,9,358,71,6,353,73,0,0
770302,0,48,11,3,51,5,1,49,7,0,0
770303,0,2,0,0,2,0,0,2,0,0,0
770304,3,215,46,10,226,30,8,221,31,0,0
770306,7,580,132,18,634,73,10,618,81,0,0
770307,10,364,117,24,406,64,7,416,68,0,0
